lessonId	lessonNumber	subject	teacher	klassen	studentgroup	periods	startDate	endDate	room	foreignKey
1757	94701		GV	LRat	LRat_1	1	26.08.2019	28.06.2020	1007	
1758	94702		STA	LRat	LRat_2	1	26.08.2019	28.06.2020	1007	
1759	94703		HC	LRat	LRat_3	1	26.08.2019	28.06.2020	1007	
1761	335000		BU	FU		2	26.08.2019	28.06.2020	4101	
1762	335500		LU	FOR		2	26.08.2019	28.06.2020		
1756	94700		GL	LRat	LRat	1	26.08.2019	15.09.2019	1020	
1756	94700		HR	LRat	LRat	1	20.09.2019	28.06.2020	1020	
1760	94704		HR	LRat	LRat_4	1	26.08.2019	15.09.2019	1007	
1760	94704			LRat	LRat_4	1	20.09.2019	28.06.2020	1007	
1763	209500	ADB	WE	BDU1		3	26.08.2019	28.06.2020		
1764	13800	AE G1	FIN	GT11~GT12~GT13	AEG1_GT11GT12GT13	2	26.08.2019	28.06.2020	4005	
1765	128400	AKO	AF			1	26.08.2019	28.06.2020		
1766	312000	AKO	YHD			1	26.08.2019	28.06.2020		
1767	312100	AKO	YBE			1	26.08.2019	28.06.2020		
1768	312200	AKO	YFU			1	26.08.2019	28.06.2020		
1769	312300	AKO	YPR			1	26.08.2019	28.06.2020		
1770	312400	AKO	YST			1	26.08.2019	28.06.2020		
1771	79300	ANA	WD	MAA1		4	26.08.2019	31.01.2020	6001	
1772	328900	AUR	OST	BSO		2	26.08.2019	28.06.2020		
1773	329000	AUR	OST	BSU		2	26.08.2019	28.06.2020	3308	
1774	289700	AWL	HAE	WSM1		1	26.08.2019	28.06.2020	4205	
1775	291200	AWL	HAE	WSU1		2	26.08.2019	28.06.2020	4205	
1776	290500	AWL	LAG	WSO1		4	30.08.2019	28.06.2020	4205	
1778	207900	BAP	HR	BCO1		3	26.08.2019	28.06.2020	3001	
1779	208800	BAP	EFS	BCU1		2	26.08.2019	28.06.2020	3001	
1777	207000	BAP	HR	BCM1		4	26.08.2019	28.06.2020	3001	
2823	365700	BBKB	SM	BFO1	BBKB_BFO	13	02.09.2019	12.06.2020		
2825	364600	BBKB	SM	BFM1	BBKB_BFM	12	23.09.2019	12.06.2020	3106	
1780	304500	BBKB	SM	BFU1	BBKB_BFU	12	03.10.2019	28.06.2020	3106	
1781	326400	BBK	EM	BMO1	BBK_BMO	4	26.08.2019	28.06.2020	3108	
2827	365400	BBKF	SM	BFO1	BBKF_BFO	7	02.09.2019	12.06.2020	3105	
2829	364300	BBKF	SM	BFM1	BBKF_BFM	8	23.09.2019	12.06.2020	3105	
1782	314600	BBKF	SM	BFU1	BBKF_BFU	8	03.10.2019	28.06.2020	3105	
3248	309100	BBKM2	EM	BMM1		4	26.08.2019	28.06.2020	3108	
3269	214000	BBKM2	EM	BMM1~BMU		6	26.08.2019	28.06.2020	3108	
3087	386500	BBKZ	RA	BZO1		10	02.09.2019	12.06.2020	3104	
3088	305300	BBKZ	RA	BZM1~BZU1		20	23.09.2019	28.06.2020	3104	
1786	199000	BEF	WEI	ALM1		1	26.08.2019	28.06.2020	3308	
1787	199100	BEF	WEI	ALM2		1	26.08.2019	28.06.2020	3308	
1788	199200	BEF	WEI	ALM3		1	26.08.2019	28.06.2020	3308	
1789	201400	BEF	SCH	ALO1		1	26.08.2019	28.06.2020	3301	
1790	201500	BEF	SCH	ALO2		1	26.08.2019	28.06.2020	3301	
1791	201600	BEF	SCH	ALO3		1	26.08.2019	28.06.2020	3301	
1792	203800	BEF	DIE	ALU1		1	26.08.2019	15.09.2019	3301	
1792	203800	BEF	WEI	ALU1		1	19.09.2019	28.06.2020	3301	
1793	203900	BEF	DIE	ALU2		1	26.08.2019	15.09.2019	3301	
1793	203900	BEF	WEI	ALU2		1	20.09.2019	28.06.2020	3301	
1795	207700	BEP	SR	BCO1		4	26.08.2019	28.06.2020	3001	
1794	206800	BEP	HR	BCM1		3	26.08.2019	28.06.2020	3001	
1796	208600	BEP	SR	BCU1		4	26.08.2019	28.06.2020	3001	
1797	232600	BI	GL	HBFGU1		2	26.08.2019	28.06.2020		
1798	232700	BI	GL	HBFGU2		2	26.08.2019	28.06.2020		
1799	241800	BI	BI	HHU1		2	26.08.2019	28.06.2020	4101	
1800	306800	BI	BI	HHU2		2	26.08.2019	28.06.2020	4102	
1801	324100	BI	HE	12S1		2	26.08.2019	28.06.2020	1101	
1802	324300	BI	HE	12S2		2	26.08.2019	28.06.2020		
1803	324600	BI	HE	AV2		1	26.08.2019	28.06.2020	1103	
1804	9701	BI G1	HE	GE12	BIG1_GE12	3	26.08.2019	28.06.2020		
1806	14601	BI G1	HES	GW11B	BIG1_GW11B	2	26.08.2019	28.06.2020		
1807	14800	BI G1	STR	GW13A	BIG1_GW13A	2	26.08.2019	28.06.2020	1307	
1808	88300	BI G1	HE	GE11		3	26.08.2019	28.06.2020		
1810	122500	BI G1	HES	GW11A	BIG1_GW11A	2	26.08.2019	28.06.2020		
1811	356900	BI G1	STR	GW13B	BIG1_GW13B	2	26.08.2019	28.06.2020		
3024	385800	BI G1	HES	GE13	BIG1_GE13_1	3	26.08.2019	28.06.2020	1307	
3249	111201	BI G1	HE	GW12A~GW12B	BIG1_GW12AGW12B	2	26.08.2019	28.06.2020	1307	
3025	1700	BI L1	TB	GE12	BIL1_GE12_1	5	26.08.2019	28.06.2020		
3026	2401	BI L1	TB	GE13	BIL1_GE13_1	5	26.08.2019	28.06.2020		
1814	206900	BKT	SR	BCM1		6	26.08.2019	28.06.2020	3001	
1815	208700	BKT	SR	BCU1		2	30.08.2019	28.06.2020	3001	
1816	272500	BOV	PL	NFO1		1	26.08.2019	28.06.2020	1305	
2834	365500	BTKB	YBE	BFO1	BTKB_BFO	4	02.09.2019	12.06.2020	3106	
2836	364400	BTKB	YBE	BFM1	BTKB_BFM	4	23.09.2019	12.06.2020	3106	
1817	315800	BTKB	YBE	BFU1	BTKB_BFU	4	03.10.2019	28.06.2020	3106	
1818	326900	BTK	HR	BMO1	BTK_BMO	2	26.08.2019	28.06.2020	3108	
1819	353900	BTK	HR	12M	BTK_12M	4	26.08.2019	28.06.2020		
1820	331900	BTK2	HR	BMO1	BTK2_BMO	2	29.08.2019	28.06.2020	3108	
2839	365200	BTKF	DK	BFO1	BTKF_BFO	10	02.09.2019	12.06.2020		
2841	364100	BTKF	DK	BFM1	BTKF_BFM	10	23.09.2019	12.06.2020	3105	
1821	304800	BTKF	DK	BFU1	BTKF_BFU	10	03.10.2019	28.06.2020	3105	
1823	331600	BTKM	EFS	BMM1		3	26.08.2019	28.06.2020	3108	
3089	386800	BTKZ	WE	BZO1		8	02.09.2019	12.06.2020	3104	
3250	399600	BTKZ	WE	BZO1	BTKZ_BZO1	2	02.09.2019	12.06.2020	4010	
3233	399300	BTKZ	WE	BZM1		10	23.09.2019	12.06.2020		
3251	399400	BTKZ	WE	BZM1	BTKZ_BZM1	2	23.09.2019	12.06.2020	4010	
3234	222500	BTKZ	WE	BZU1		10	03.10.2019	28.06.2020	3104	
3252	399500	BTKZ	WE	BZU1	BTKZ_BZU1	2	03.10.2019	28.06.2020	4010	
1825	277000	BUP	SG	WBM1		2	26.08.2019	28.06.2020		
1828	292600	BUP	SG	WBO2		2	26.08.2019	28.06.2020	4006	
1826	279400	BUP	SG	WBU1		4	26.08.2019	28.06.2020	4006	
3199	292500	BUP	SG	WBO1		2	26.08.2019	28.06.2020	4010	
1831	196800	BUV	STE	AGSM1		1	26.08.2019	28.06.2020		
1833	198400	BUV	STE	AGSU1		1	26.08.2019	28.06.2020		
1834	322500	BUV	SG	NFM1		2	26.08.2019	28.06.2020		
1832	197600	BUV	DIE	AGSO1		1	26.08.2019	28.06.2020	3304	
1829	195600	BUV	STE	AGGU1		4	28.08.2019	21.06.2020		
1830	195700	BUV	STE	AGGU2		4	28.08.2019	21.06.2020	3306	
2846	361600	BUV	STE	AGGM1		4	02.09.2019	28.06.2020		
2847	363000	BUV	STE	AGGM2		4	02.09.2019	28.06.2020		
2848	362300	BUV	STE	AGGO1		4	09.09.2019	14.06.2020		
2849	363700	BUV	STE	AGGO2		4	09.09.2019	14.06.2020		
1835	322800	BVF	NP	NFM1		2	26.08.2019	10.02.2020		
1837	250100	BVK	WD	MAO1		4	26.08.2019	28.06.2020	6001	
3036	249200	BVK	WD	MAM		4	26.08.2019	28.06.2020	6001	
3200	251000	BVK	WD	MAU1		4	26.08.2019	28.06.2020	6001	
1839	4900	BW L1	HS	GW11A		5	26.08.2019	28.06.2020		
1841	7700	BW L1	FR	GW13B		5	26.08.2019	28.06.2020		
1842	9100	BW L1	GB	GW13A		5	26.08.2019	28.06.2020		
1844	130200	BW L1	SH	GW11B		5	26.08.2019	28.06.2020		
1840	6700	BW L1	FR	GW12B		5	26.08.2019	28.06.2020		
3037	15500	BW L1	GB	GW12A	BWL1_GW12A	5	26.08.2019	28.06.2020		
1845	218400	BWR	KB	BW1		6	26.08.2019	28.06.2020		
1847	236700	BWR	HAR	HHO2		7	26.08.2019	28.06.2020		
1849	240200	BWR	TH	HHU1		6	26.08.2019	28.06.2020	4101	
1850	240300	BWR	KL	HHU2		6	26.08.2019	28.06.2020	4102	
1852	354000	BWR	WZ	12M	BWR_12M	4	26.08.2019	28.06.2020		
1851	240400	BWR	SC	HHU3		6	26.08.2019	28.06.2020	4103	
1848	236800	BWR	WEI	HHO3		6	26.08.2019	28.06.2020	4107	
1846	236600	BWR	LN	HHO1		6	26.08.2019	28.06.2020		
1853	206300	D	AF	AV1		2	26.08.2019	02.11.2019	1103	
1854	184100	D	S	11S1		2	26.08.2019	28.06.2020	1105	
1855	184200	D	ES	11S2		2	26.08.2019	28.06.2020		
1857	188800	D	PR	12S2		4	26.08.2019	28.06.2020		
1860	197000	D	HP	AGSM1		1	26.08.2019	28.06.2020	3304	
1861	204400	D	SD	ALU1		1	26.08.2019	28.06.2020	3301	
1862	204500	D	SD	ALU2		1	26.08.2019	28.06.2020	3301	
1863	209000	D	ST	BCU1		1	26.08.2019	28.06.2020	3001	
1868	217200	D	SD	BT1		3	26.08.2019	28.06.2020	6006	
1869	218900	D	KB	BW1		3	26.08.2019	28.06.2020		
1873	231300	D	ES	HBFGO2		3	26.08.2019	28.06.2020		
1874	233400	D	ES	HBFGU1		4	26.08.2019	28.06.2020	1103	
1876	235000	D	EM	HBTO		3	26.08.2019	28.06.2020	4001	
1877	236200	D	EM	HBTU		3	26.08.2019	28.06.2020	3004	
1878	239000	D	BT	HHO1		3	26.08.2019	28.06.2020	4204	
1879	239100	D	SOY	HHO2		3	26.08.2019	28.06.2020		
1880	239200	D	KB	HHO3		3	26.08.2019	28.06.2020		
1881	243400	D	CO	HHU1		3	26.08.2019	28.06.2020		
1882	243500	D	BT	HHU2		3	26.08.2019	28.06.2020		
1883	243600	D	KB	HHU3		3	26.08.2019	28.06.2020		
1885	248400	D	ERN	IFK1		6	26.08.2019	28.06.2020	1104	
1886	259300	D	KB	MKLU1		1	26.08.2019	28.06.2020	6005	
1887	265500	D	KB	MKU1		1	26.08.2019	28.06.2020	6005	
1888	269000	D	KM	MMU1		1	26.08.2019	28.06.2020	3206	
1889	274000	D	S	NBKU1		1	26.08.2019	28.06.2020	1304	
1890	275400	D	BT	WAM1		1	26.08.2019	28.06.2020	4206	
1891	288100	D	S	WIO1		1	26.08.2019	28.06.2020	4202	
1892	290100	D	S	WSM1		1	26.08.2019	28.06.2020	4205	
1893	295100	D	KB	WEM1		1	26.08.2019	28.06.2020		
1896	315300	D	CO	MBM2		1	26.08.2019	28.06.2020	3208	
1897	324700	D	KD	AV2		2	26.08.2019	28.06.2020	1104	
1856	188700	D	ES	12S1		6	26.08.2019	28.06.2020	1101	
1875	233500	D	YFU	HBFGU2		3	26.08.2019	28.06.2020		
1866	215300	D	HL	BSO		3	26.08.2019	28.06.2020	1306	
1907	327500	D	EM	BMM1		2	26.08.2019	28.06.2020	3108	
1894	295200	D	KB	WEM2		1	26.08.2019	28.06.2020	4110	
1895	302800	D	PR	12M		4	26.08.2019	28.06.2020	3003	
3271	214400	D	EM	BMU		1	26.08.2019	28.06.2020	3108	
1872	231200	D	BO	HBFGO1		2	26.08.2019	01.12.2019		
1872	231200	D	AKC	HBFGO1		2	02.12.2019	28.06.2020		
1858	195800	D	SD	AGGU1		2	28.08.2019	21.06.2020	3303	
1859	195900	D	SD	AGGU2		2	28.08.2019	21.06.2020	3306	
1871	226700	D	SD	EIU1		2	28.08.2019	28.06.2020	3201	
2850	375900	D	KM	HTO1		2	29.08.2019	12.06.2020	3103	
1900	198600	D	HP	AGSU1		2	29.08.2019	28.06.2020	3304	
1906	326500	D	EM	BMO1		2	29.08.2019	28.06.2020	3108	
3201	251400	D	PR	MAU1		2	29.08.2019	28.06.2020	6001	
1902	253600	D	CO	MBM1		2	30.08.2019	28.06.2020	3208	
1903	277800	D	RS	WBM1		2	30.08.2019	28.06.2020	4006	
1904	283700	D	ST	WGM1		2	30.08.2019	28.06.2020	4207	
1905	288200	D	S	WIO2		2	30.08.2019	28.06.2020	4202	
2851	365800	D	SD	BFO1		2	02.09.2019	12.06.2020	3105	
2853	372600	D	SD	EIM1		2	02.09.2019	12.06.2020	3201	
3091	387000	D	KM	BZO1		2	02.09.2019	12.06.2020	3104	
2855	361700	D	SD	AGGM1		2	02.09.2019	28.06.2020	3303	
2856	362700	D	SD	AGGM2		2	02.09.2019	28.06.2020	3306	
2857	362000	D	SD	AGGO1		2	09.09.2019	14.06.2020	3303	
2858	363400	D	SD	AGGO2		2	09.09.2019	14.06.2020	3306	
2859	376900	D	KM	HTM1		2	16.09.2019	12.06.2020	3103	
2860	364700	D	SD	BFM1		2	23.09.2019	12.06.2020	3105	
2862	373500	D	SD	EIO1		2	23.09.2019	12.06.2020	3201	
3092	222700	D	KM	BZM1~BZU1		4	23.09.2019	28.06.2020	3104	
1884	247300	D	KM	HTU1		2	03.10.2019	21.06.2020	3103	
1864	211900	D	SD	BFU1		2	03.10.2019	28.06.2020	3106	
1867	216200	D	AKC	BSU		4	02.12.2019	28.06.2020		
1898	341300	D	ERN	IFK1	D_IFK1	2	02.12.2019	28.06.2020	1104	
1899	341301	D	AKC	IFK1	D_IFK1_1	2	02.12.2019	28.06.2020	1104	
1908	274100	D	S	NFU1		2	11.02.2020	28.06.2020	1305	
1909	317600	D	WUE	BDU1		32	04.05.2020	19.06.2020	3101	
1910	330600	D  FU	YFU	BSU		1	26.08.2019	28.06.2020		
1911	2900	D  G1	BT	GT11		3	26.08.2019	28.06.2020		
1912	3200	D  G1	S	GT12	DG1_GT12	3	26.08.2019	28.06.2020		
1913	3600	D  G1	BT	GT13	DG1_GT13	3	26.08.2019	28.06.2020		
1914	4600	D  G1	RS	GW11A		3	26.08.2019	28.06.2020		
1915	5200	D  G1	EM	GW11B		3	26.08.2019	28.06.2020		
1916	7100	D  G1	CO	GW13A	DG1_GW13A	3	26.08.2019	28.06.2020	4108	
1919	35300	D  G1	RS	GW12A	DG1_GW12A	3	26.08.2019	28.06.2020		
1921	88400	D  G1	KM	GE11		3	26.08.2019	28.06.2020		
1922	311200	D  G1	PR	GW13B	DG1_GW13B	3	26.08.2019	28.06.2020		
1917	384000	D  G1	KM	GE12	DG1_GE12_1	3	26.08.2019	28.06.2020		
3039	13001	D  G1	KM	GE13	DG1_GE13_1	3	26.08.2019	28.06.2020		
1920	35400	D  G1	ST	GW12B	DG1_GW12B	3	26.08.2019	28.06.2020	4106	
1924	386000	D  L1	RS	GW13A~GW13B	DL1_GW13AGW13B	5	26.08.2019	28.06.2020		
1923	385700	D  L1	HL	GE13	DL1_GE13	5	26.08.2019	28.06.2020		
3040	354600	D  L1	HL	GE12	DL1_GE12_1	5	26.08.2019	28.06.2020		
1925	111002	D  L1	CO	GW12A~GW12B	DL1_GW12AGW12B	5	26.08.2019	28.06.2020		
1927	257200	DIA	OB	MKA1		5	26.08.2019	10.02.2020	7002	
1929	260200	DIA	OB	MKM2		6	26.08.2019	28.06.2020	7002	
1928	260100	DIA	OB	MKM1		8	26.08.2019	28.06.2020	7002	
1930	265100	DIA	OB	MKU1		4	26.08.2019	28.06.2020	6005	
1931	258900	DIM	ROE	MKLU1		2	26.08.2019	28.06.2020	6005	
1932	311300	DV	GW	GE11		2	26.08.2019	10.02.2020	3005	
1935	291500	DV	KE	WSU1		2	29.08.2019	28.06.2020	3005	
1936	300700	DV	KE	WIM2		2	29.08.2019	28.06.2020	4007	
1937	310100	DV	PL	ALU1		2	29.08.2019	28.06.2020	4011	
1939	321900	DV	SCR	HBFGU2		2	29.08.2019	28.06.2020	4010	
1938	311600	DV	PL	ALU2		2	30.08.2019	28.06.2020	4011	
3203	289200	DV	KE	WIU1		2	30.08.2019	28.06.2020	4011	
1942	321500	DV	SCR	HBFGU1		2	30.08.2019	28.06.2020	3204	
3093	386700	DV	WE	BZO1		6	02.09.2019	12.06.2020	4010	
1943	209400	DVD	RA	BDU1		3	26.08.2019	28.06.2020	3101	
1944	216100	E	HE	BSU		3	26.08.2019	28.06.2020		
1946	233100	E	SK	HBFGU2		3	26.08.2019	28.06.2020		
1947	236100	E	KEL	HBTU		3	26.08.2019	28.06.2020	3004	
1948	242200	E	SK	HHU1		3	26.08.2019	28.06.2020		
1951	248200	E	YST	IFK1		1	26.08.2019	28.06.2020	1104	
1952	298700	E	ST	WBM1		1	26.08.2019	28.06.2020		
1953	300300	E	ST	WGM1		1	26.08.2019	28.06.2020	4207	
1955	300800	E	FR	WIM2		1	26.08.2019	28.06.2020	4202	
1949	242300	E	ST	HHU2		3	26.08.2019	28.06.2020		
1956	300900	E	LU	WIO2		1	26.08.2019	28.06.2020	4202	
1945	233000	E	KL	HBFGU1		4	26.08.2019	28.06.2020		
1950	242400	E	SL	HHU3		4	26.08.2019	15.09.2019	4103	
1950	242400	E	ELL	HHU3		4	18.09.2019	28.06.2020		
1954	300500	E	FR	WIM1		1	26.08.2019	28.06.2020	4203	
1957	298500	E	RS	WBU1		2	29.08.2019	28.06.2020		
1958	300400	E	LU	WGO1		2	29.08.2019	28.06.2020	4207	
1959	300600	E	LU	WIO1		2	29.08.2019	28.06.2020	4202	
1960	8400	E		EA		1	11.02.2020	28.06.2020	4003	
1961	306100	E  FU	NEU	BW1		1	26.08.2019	28.06.2020		
1962	306600	E  FU	SK	HHU1		1	26.08.2019	28.06.2020		
1963	307200	E  FU	ST	HHU2		1	26.08.2019	28.06.2020		
1964	307700	E  FU	YST	HHU3		1	26.08.2019	28.06.2020	4103	
1966	322000	E  FU	KL	HBFGU2		1	26.08.2019	28.06.2020		
1967	323300	E  FU	ELL	HBFGO1		2	26.08.2019	28.06.2020	1206	
1968	323700	E  FU	STH	12M		1	26.08.2019	28.06.2020	3003	
1969	334100	E  FU	FR	FU		2	26.08.2019	28.06.2020	4104	
1965	321600	E  FU	KL	HBFGU1		0	26.08.2019	28.06.2020	1103	
1970	343500	E  FU	ELL	HHO1		2	26.08.2019	28.06.2020	4204	
1971	343600	E  FU	ELL	HHO2		2	26.08.2019	28.06.2020		
1972	343700	E  FU	ELL	HHO3		2	26.08.2019	28.06.2020		
1973	344100	E  FU	ELL	12S1		2	26.08.2019	28.06.2020	1101	
1974	344200	E  FU	STH	12S2		2	26.08.2019	15.09.2019	1105	
1974	344200	E  FU	ELL	12S2		2	19.09.2019	28.06.2020	1305	
1975	600	E  G1	ELL	GE11		3	26.08.2019	28.06.2020		
1976	1500	E  G1	KEL	GE12	EG1_GE12	3	26.08.2019	28.06.2020		
1977	2000	E  G1	KEL	GE13	EG1_GE13	3	26.08.2019	28.06.2020		
1978	3400	E  G1	FR	GT12	EG1_GT12	3	26.08.2019	28.06.2020		
1980	4500	E  G1	KL	GW11A		3	26.08.2019	28.06.2020		
1981	4800	E  G1	S	GW11B		3	26.08.2019	28.06.2020		
1982	11100	E  G1	YST	GT11		3	26.08.2019	28.06.2020		
1983	15300	E  G1	SL	GW13A	EG1_GW13A	3	26.08.2019	28.06.2020	4108	
1986	311100	E  G1	FR	GW13B	EG1_GW13B	3	26.08.2019	28.06.2020		
3044	358500	E  G1	SL	GT13	EG1_GT13_1	2	26.08.2019	28.06.2020		
1984	84500	E  G1	KL	GW12B	EG1_GW12B	3	26.08.2019	28.06.2020	4106	
1985	97900	E  G1	ST	GW12A	EG1_GW12A	3	26.08.2019	28.06.2020	4107	
3253	395300	E  G1	ST	GW12A~GW12B	EG1_GW12AGW12B	3	26.08.2019	28.06.2020	4106	
1979	3900	E  G1	SL	GT13	EG1_GT13	2	30.08.2019	28.06.2020	3106	
1987	13102	E  L1	ST	GW13A~GW13B	EL1_GW13AGW13B	5	26.08.2019	28.06.2020		
1988	384700	E  L1	S	GW12A~GW12B	EL1_GW12AGW12B	5	26.08.2019	28.06.2020		
1989	206100	EA2	STH	AV1		2	26.08.2019	28.06.2020	1103	
1990	324900	EA2	HE	AV2		2	26.08.2019	28.06.2020	1103	
1991	9300	EB G1	HS	GW11A~GW11B	EBG1_GW11AGW11B	2	26.08.2019	28.06.2020	4003	
1993	357100	EB G1	GB	GW13A~GW13B	EBG1_GW13AGW13B	2	26.08.2019	28.06.2020	4007	
3254	96901	EB G1	GB	GW12A~GW12B	EBG1_GW12AGW12B	2	26.08.2019	28.06.2020		
1994	183900	EB1	S	11S1		2	26.08.2019	28.06.2020	1105	
1997	217000	EB1	KEL	BT1		3	26.08.2019	28.06.2020	6006	
1998	218800	EB1	KEL	BW1		3	26.08.2019	28.06.2020		
1996	215200	EB1	STH	BSO		3	26.08.2019	28.06.2020		
1995	184000	EB1	NEU	11S2		2	26.08.2019	28.06.2020	1206	
2000	256200	EB1	FU	MBU1		2	29.08.2019	28.06.2020	3305	
1999	208900	EB1	ST	BCU1		2	30.08.2019	28.06.2020	3001	
2001	256300	EB1	FU	MBU2		2	30.08.2019	28.06.2020	3305	
2002	188500	EB2	ELL	12S1		4	26.08.2019	28.06.2020	1101	
2003	188600	EB2	STH	12S2		4	26.08.2019	28.06.2020		
2004	230800	EB2	KL	HBFGO1		3	26.08.2019	28.06.2020		
2005	230900	EB2	SK	HBFGO2		3	26.08.2019	28.06.2020	1206	
2006	234900	EB2	KEL	HBTO		3	26.08.2019	28.06.2020	4001	
2007	238100	EB2	SK	HHO1		3	26.08.2019	28.06.2020		
2008	238200	EB2	KEL	HHO2		3	26.08.2019	28.06.2020		
2009	238300	EB2	ST	HHO3		3	26.08.2019	28.06.2020		
2010	302700	EB2	STH	12M		4	26.08.2019	28.06.2020		
2011	13600	EC G1	S	GW11A~GW11B	ECG1_GW11AGW11B	2	26.08.2019	28.06.2020	4105	
2871	375700	EKA2	NEU	HTO1		1	29.08.2019	12.06.2020	3103	
2872	376700	EKA2	NEU	HTM1		1	16.09.2019	12.06.2020	3103	
2012	247100	EKA2	NEU	HTU1		1	03.10.2019	21.06.2020	3103	
2014	260300	EKB1	KL	MKM1		1	26.08.2019	28.06.2020	7002	
2015	260400	EKB1	KL	MKM2		1	26.08.2019	28.06.2020	7002	
3045	249400	EKB1	FU	MAM		2	26.08.2019	28.06.2020	6001	
2013	226600	EKB1	ST	EIU1		2	28.08.2019	28.06.2020	3201	
2016	266400	EKB1	FU	MMM1		2	29.08.2019	28.06.2020	3206	
2017	316900	EKB1	FU	MMM2		2	30.08.2019	28.06.2020		
2873	372500	EKB1	ST	EIM1		2	02.09.2019	12.06.2020	3201	
2874	373400	EKB1	ST	EIO1		2	23.09.2019	12.06.2020	3201	
2019	900	EL G1	GL	GE11	ELG1_GE11	2	26.08.2019	28.06.2020		
2020	329300	EL G1	GVH	GT11		2	26.08.2019	28.06.2020		
2021	353800	ELT	BAU	12M	ELT_12M	4	26.08.2019	28.06.2020	3205	
2022	353500	ENS	KS	12M	ENS_12M	2	26.08.2019	28.06.2020	3205	
2023	189000	ER	SOE	12S2	KR_12S2	2	26.08.2019	28.06.2020	1304	
2024	235100	ER	SOE	HBTO	ER_HBTO	2	26.08.2019	28.06.2020	4001	
2025	236300	ER	SOE	HBTU	ER_HBTU	2	26.08.2019	28.06.2020	3004	
2026	239300	ER	SOE	HHO1	KR_HHO1	2	26.08.2019	28.06.2020	4204	
2027	255000	ER	SOE	MBO1	KR_MBO1	1	26.08.2019	28.06.2020		
2028	259400	ER	SOE	MKLU1		1	26.08.2019	28.06.2020	6005	
2029	274200	ER	SOE	NBKU1	KR_NBKU	1	26.08.2019	28.06.2020	1304	
2030	286700	ER	SOE	WIM1	ER_WIM1	1	26.08.2019	28.06.2020	4203	
2031	286800	ER	SOE	WIM2	ER_WIM2	1	26.08.2019	28.06.2020	4202	
2034	265600	ER	SOE	MKU1	KR_MKU1	2	26.08.2019	28.06.2020	6005	
2032	209100	ER	SOE	BCU1	KR_BCU	2	29.08.2019	28.06.2020	3001	
2035	275600	ER	SOE	WAM1	KR_WAM1	2	29.08.2019	28.06.2020	4206	
2033	251500	ER	SOE	MAU1	KR_MAU	2	30.08.2019	28.06.2020	6001	
2036	15600	ER G1	SOE	GE13	ERG1_GE13	2	26.08.2019	28.06.2020		
2037	183500	ERW	HP	11S1		2	26.08.2019	28.06.2020	1105	
2038	183600	ERW	AF	11S2		2	26.08.2019	28.06.2020	1206	
2039	187700	ERW	ES	12S1		4	26.08.2019	28.06.2020	1101	
2040	187800	ERW	WUE	12S2		4	26.08.2019	28.06.2020		
2041	306000	ERW	STR	BW1		2	26.08.2019	28.06.2020		
2042	331800	ET G1	BAU	GT12	ETG1_GT12	2	26.08.2019	28.06.2020		
2875	373900	EUP	RA	HTO1	EUP_HTO	10	29.08.2019	12.06.2020		
2876	376400	EUP	RA	HTM1	EUP_HTM	10	16.09.2019	12.06.2020	3103	
2043	246800	EUP	RA	HTU1	EUP_HTU	10	03.10.2019	21.06.2020	3103	
2044	214800	EUS	BO	BSO		6	26.08.2019	28.06.2020	1306	
2045	215700	EUS	OST	BSU		6	26.08.2019	28.06.2020		
2046	1000	EW L1	HP	GE11		3	26.08.2019	28.06.2020		
2048	15200	EW L1	AF	GE13	EWL1_GE13	5	26.08.2019	28.06.2020		
2047	1400	EW L1	STR	GE12		6	26.08.2019	28.06.2020		
2049	154900	FEO	KR	MMA1		3	26.08.2019	10.02.2020		
2050	155000	FEO	KR	MMA2		3	26.08.2019	10.02.2020	3206	
2051	267000	FEO	KR	MMO1		9	26.08.2019	28.06.2020		
3046	336000	FEO	KR	MMO1	FEO_MMO1	2	26.08.2019	28.06.2020	3203	
2052	268600	FEO	KR	MMU1		2	26.08.2019	28.06.2020	3206	
2053	266100	FEO	MUR	MMM1		4	29.08.2019	28.06.2020	3206	
2054	317800	FEO	MUR	MMM2		4	29.08.2019	28.06.2020		
2055	216700	FEP	BU	BT1		8	26.08.2019	28.06.2020		
2056	252000	FET	NX	MBA1		3	26.08.2019	10.02.2020		
2058	254200	FET	WM	MBO1		6	26.08.2019	28.06.2020	3208	
2060	255900	FET	WM	MBU2		6	26.08.2019	01.09.2019	3305	
2060	255900	FET	KLI	MBU2		6	04.09.2019	28.06.2020		
2059	255800	FET	KLI	MBU1		5	26.08.2019	28.06.2020	3305	
2057	253400	FET	WD	MBM1		6	26.08.2019	28.06.2020		
2061	315500	FET	WD	MBM2		6	26.08.2019	28.06.2020	3208	
2062	271100	FLG	PL	NFM1		2	26.08.2019	28.06.2020	1305	
2063	273500	FLG	LG	NFU1		4	26.08.2019	28.06.2020	1305	
2064	271200	FLV	PL	NFM1		1	26.08.2019	28.06.2020	1305	
2066	273700	FLV	NP	NFU1		2	26.08.2019	28.06.2020	1305	
2065	272600	FLV	PL	NFO1		3	26.08.2019	28.06.2020	1305	
2067	296200	FPA	ROE	WAM1		1	26.08.2019	28.06.2020	4206	
2068	296000	FPA	ROE	WAU1		2	29.08.2019	28.06.2020	4206	
3205	394300	FPA	ROE	WAU2		2	30.08.2019	28.06.2020	4110	
2070	343200	FPE	NP	AV2	FPE_AV2	3	26.08.2019	28.06.2020	1201	
3272	386300	FPE	BAU	HBTU	FPE_HBTU	2	26.08.2019	28.06.2020		
3296	402600	FPE	BAU	HBTO		2	26.08.2019	28.06.2020	3205	
2073	323500	FPG	SCR	HBFGO2	FPG_HBFGO2	4	26.08.2019	28.06.2020		
2076	247800	FPH	EFS	IFK1		5	26.08.2019	28.06.2020		
2877	375500	FPH	EFS	HTO1		6	29.08.2019	12.06.2020	3103	
3048	376300	FPH	EFS	HTO1	FPH_HTO	4	29.08.2019	12.06.2020	7008	
2077	205900	FPM	NA	AV1		3	26.08.2019	28.06.2020		
2083	347000	FPM	BU	MKU1		2	26.08.2019	28.06.2020	6004	
2081	356000	FPM	BU	MBM1	FPM_MBM1	2	26.08.2019	28.06.2020	6004	
3235	399700	FPM	BU	MBM1		2	26.08.2019	28.06.2020	6004	
2078	315401	FPM	BU	MBM2	FPM_MBM2	2	26.08.2019	28.06.2020	6004	
3273	328601	FPM	OT	HBTU	FPM_HBTU	2	26.08.2019	28.06.2020		
2079	328500	FPM	BAU	HBTO		2	26.08.2019	28.06.2020	4001	
2082	346900	FPM	BU	MKLU1		2	30.08.2019	28.06.2020	6004	
2084	215000	FPW	SCR	BSO		2	26.08.2019	28.06.2020	1205	
2085	215900	FPW	SCR	BSU		2	26.08.2019	28.06.2020	1205	
2086	277200	GEP	KE	WBM1		4	26.08.2019	28.06.2020		
2090	287600	GEP	KLU	WIO2		5	26.08.2019	28.06.2020	4202	
2092	292800	GEP	KE	WBO2		1	26.08.2019	28.06.2020	4006	
2087	279600	GEP	KE	WBU1		6	26.08.2019	28.06.2020	4006	
2088	285900	GEP	GB	WIM1		5	26.08.2019	28.06.2020	4203	
2093	339500	GEP	SH	WIO1		5	26.08.2019	28.06.2020	4202	
2089	286000	GEP	SH	WIM2		5	26.08.2019	28.06.2020	4202	
3206	289000	GEP	KLU	WIU1		5	26.08.2019	28.06.2020	4203	
3207	292700	GEP	KE	WBO1		2	30.08.2019	28.06.2020	4007	
2095	188200	GEW	YFU	12S2		2	26.08.2019	28.06.2020		
2096	229800	GEW	GL	HBFGO1		5	26.08.2019	28.06.2020		
2097	229900	GEW	SCR	HBFGO2		5	26.08.2019	28.06.2020		
2098	232000	GEW	GL	HBFGU1		5	26.08.2019	28.06.2020		
2099	232100	GEW	GV	HBFGU2		8	26.08.2019	28.06.2020		
2100	341100	GEW	SCR	12S1		2	26.08.2019	28.06.2020		
2101	300	GG G1	KEL	GE11		2	26.08.2019	28.06.2020		
2102	1200	GG G1	DM	GE12	GGG1_GE12	2	26.08.2019	28.06.2020		
2103	1800	GG G1	DM	GE13	GGG1_GE13	2	26.08.2019	28.06.2020		
2104	2600	GG G1	KEL	GT11		2	26.08.2019	28.06.2020		
2105	3100	GG G1	LEU	GT12	GGG1_GT12	2	26.08.2019	28.06.2020		
2106	3500	GG G1	LEU	GT13	GGG1_GT13	2	26.08.2019	28.06.2020		
2107	4200	GG G1	DM	GW11A		2	26.08.2019	28.06.2020		
2108	5000	GG G1	LEU	GW11B		2	26.08.2019	28.06.2020		
2109	5700	GG G1	DM	GW12A	GGG1_GW12A	2	26.08.2019	28.06.2020	4107	
2110	6300	GG G1	DM	GW12B	GGG1_GW12B	2	26.08.2019	28.06.2020	4106	
2111	6800	GG G1	SO	GW13A	GGG1_GW13A	2	26.08.2019	28.06.2020	4108	
2112	7600	GG G1	SO	GW13B	GGG1_GW13B	2	26.08.2019	28.06.2020	3007	
2113	283400	GHP	HAE	WGM1		4	26.08.2019	28.06.2020	4207	
2114	284200	GHP	WEI	WGO1		3	26.08.2019	28.06.2020	4207	
2115	337700	GHP	LN	WGU1		4	26.08.2019	28.06.2020	4207	
2116	312600	GPF	BI	BSU		5	26.08.2019	28.06.2020		
2117	314400	GPF	BI	BSO		5	26.08.2019	28.06.2020		
2118	354400	GPF	HE	AV2	GPF_AV2	1	26.08.2019	28.06.2020		
2119	338800	GUP	LG	NBKM1		1	26.08.2019	10.02.2020	1304	
2879	376200	HOT	DK	HTO1		10	29.08.2019	12.06.2020	3103	
2880	377200	HOT	DK	HTM1		10	16.09.2019	12.06.2020	3103	
2120	303900	HOT	DK	HTU1		10	03.10.2019	21.06.2020	3103	
2121	223600	IBA	GVH	EIA1		4	26.08.2019	10.02.2020	3205	
2122	226300	IBA	GVH	EIU1		8	28.08.2019	28.06.2020	3201	
2881	370200	IBA	GVH	EIM1		8	02.09.2019	12.06.2020	3201	
2882	373100	IBA	GVH	EIO1		8	23.09.2019	12.06.2020	3201	
2123	302500	IF	KS	12M		2	26.08.2019	28.06.2020		
2124	303600	IF	FIN	HBTU		4	26.08.2019	28.06.2020		
2125	342000	IF	DIE	AGSM1		2	26.08.2019	28.06.2020	3304	
2126	3700	IF G1	KS	GT12	IFG1_GT12	2	26.08.2019	28.06.2020	3204	
2127	4100	IF G1	KS	GT13	IFG1_GT13	2	26.08.2019	28.06.2020		
2128	313000	IF G1	KS	GT11		2	26.08.2019	28.06.2020		
2129	9900	IN L1	SR	GT11		2	26.08.2019	28.06.2020	4005	
2130	11000	IN L1	GVH	GT12	INL1_GT12	2	26.08.2019	28.06.2020		
2131	11500	IN L1	GVH	GT13	INL1_GT13	2	26.08.2019	28.06.2020		
2132	9500	IN L2	BAU	GT11		2	26.08.2019	28.06.2020	4005	
2133	10800	IN L2	KR	GT12	INL2_GT12	2	26.08.2019	28.06.2020		
2134	12100	IN L2	KR	GT13	INL2_GT13	2	26.08.2019	28.06.2020	4005	
2135	9600	IN L3	MUR	GT11		2	26.08.2019	28.06.2020	3206	
2136	10400	IN L3	HR	GT12	INL3_GT12	2	26.08.2019	28.06.2020		
2137	11700	IN L3	SR	GT13	INL3_GT13	2	26.08.2019	28.06.2020		
2138	218500	INW	WEI	BW1		2	26.08.2019	28.06.2020		
2139	237200	INW	SC	HHO1		5	26.08.2019	28.06.2020		
2140	237400	INW	SC	HHO3		5	26.08.2019	28.06.2020		
2141	241000	INW	SC	HHU1		5	26.08.2019	28.06.2020		
2142	241100	INW	SG	HHU2		5	26.08.2019	28.06.2020		
2143	241200	INW	HER	HHU3		5	26.08.2019	28.06.2020	4011	
2144	348600	INW	MER	HHO2		5	26.08.2019	28.06.2020	4008	
3208	251100	IUI	KLI	MAU1		2	26.08.2019	28.06.2020		
2146	319600	KAOA	KD	BT1		1	26.08.2019	28.06.2020	6006	
2147	321400	KAOA	GV	HBFGU1		1	26.08.2019	28.06.2020	3005	
2148	321800	KAOA	GV	HBFGU2		1	26.08.2019	28.06.2020		
2149	357300	KAOA	OST	BSU		1	26.08.2019	28.06.2020	3007	
2150	306400	KAOA	TH	HHU1		2	29.08.2019	28.06.2020	4011	
2151	307000	KAOA	TH	HHU2		2	30.08.2019	28.06.2020	4011	
2152	307500	KAOA	LN	HHU3		2	30.08.2019	28.06.2020	3005	
2153	353400	KFT	NX	12M	KFT_12M	2	26.08.2019	28.06.2020	3003	
2154	18400	KKS	HS	WEO1		2	26.08.2019	28.06.2020	4110	
2156	281800	KKS	HS	WEU2		5	26.08.2019	28.06.2020		
2157	294100	KKS	SG	WEM1		1	26.08.2019	28.06.2020		
2155	281700	KKS	GU	WEU1		5	26.08.2019	28.06.2020	4111	
2158	294200	KKS	SG	WEM2		2	30.08.2019	28.06.2020	4110	
2159	386200	KO G1	FR	GW13A~GW13B	KOG1_GW13AGW13B	2	26.08.2019	28.06.2020	4108	
3255	384900	KO G1	SK	GW12A~GW12B	KOG1_GW12AGW12B	2	26.08.2019	28.06.2020	4107	
2164	296800	KPA	LAG	WAO2		4	26.08.2019	28.06.2020		
2163	296700	KPA	TH	WAO1		4	26.08.2019	28.06.2020		
2162	276400	KPA	RO	WAU1		4	26.08.2019	28.06.2020	4206	
2161	275000	KPA	TH	WAM1		5	26.08.2019	28.06.2020	4206	
3209	394000	KPA	RO	WAU2		3	26.08.2019	28.06.2020	4110	
2165	197100	KR	SM	AGSM1	KR_AGSM	2	26.08.2019	10.02.2020	3304	
2166	184300	KR	NEU	11S1	KR_11S1	1	26.08.2019	28.06.2020	1105	
2167	184400	KR	NEU	11S2	KR_11S2	1	26.08.2019	28.06.2020	1206	
2168	188900	KR	NEU	12S1	KR_12S1	2	26.08.2019	28.06.2020	1101	
2169	200500	KR	SD	ALM1	KR_ALM1	1	26.08.2019	28.06.2020	3308	
2170	200600	KR	SD	ALM2	KR_ALM2	1	26.08.2019	28.06.2020	3308	
2171	200700	KR	SD	ALM3	KR_ALM3	1	26.08.2019	28.06.2020	3308	
2172	209900	KR	WUE	BDU1	KR_BDU	1	26.08.2019	28.06.2020	3101	
2174	215400	KR	SCR	BSO	KR_BSO	1	26.08.2019	28.06.2020	1306	
2175	216300	KR	SCR	BSU	KR_BSU	1	26.08.2019	28.06.2020	1103	
2176	217300	KR	NEU	BT1	KR_BT1	2	26.08.2019	28.06.2020	6006	
2177	219000	KR	NEU	BW1	KR_BW1	2	26.08.2019	28.06.2020		
2180	231400	KR	NEU	HBFGO1	KR_HBFGO1	2	26.08.2019	28.06.2020		
2181	231500	KR	SCR	HBFGO2	KR_HBFGO2	2	26.08.2019	28.06.2020	1105	
2182	233600	KR	WUE	HBFGU1	KR_HBFGU1	2	26.08.2019	28.06.2020		
2183	233700	KR	YPR	HBFGU2	KR_HBFGU2	2	26.08.2019	28.06.2020		
2184	239400	KR	FIE	HHO2	KR_HHO2	2	26.08.2019	28.06.2020	4201	
2185	239500	KR	SOE	HHO3	KR_HHO3	2	26.08.2019	28.06.2020	4107	
2186	243800	KR	NEU	HHU1	KR_HHU1	2	26.08.2019	28.06.2020	4101	
2187	243900	KR	FIE	HHU2	KR_HHU2	2	26.08.2019	28.06.2020	4102	
2188	244000	KR	FIE	HHU3	KR_HHU3	2	26.08.2019	28.06.2020	4103	
2190	269100	KR	NEU	MMU1	KR_MMU1	1	26.08.2019	28.06.2020	3206	
2191	278000	KR	SCR	WBM1	KR_WBM1	1	26.08.2019	28.06.2020		
2192	290200	KR	SCR	WSM1	KR_WSM	1	26.08.2019	28.06.2020	4205	
2194	327000	KR	SOY	BMO1	KR_BMO	1	26.08.2019	15.09.2019	3108	
2194	327000	KR	SOE	BMO1	KR_BMO	1	20.09.2019	28.06.2020	3108	
2193	295400	KR	FIE	WEM2	KR_WEM2	1	26.08.2019	28.06.2020	4110	
3274	214500	KR	SOY	BMM1~BMU		2	26.08.2019	28.06.2020	3108	
2195	327400	KR	SOY	BMM1	KR_BMM	1	26.08.2019	28.06.2020	3108	
2179	226800	KR	YPR	EIU1	KR_EIU	2	28.08.2019	28.06.2020	3201	
3275	376000	KR	NEU	HTO1	KR_HTO	2	29.08.2019	12.06.2020	3103	
2198	295300	KR	YPR	WEM1	KR_WEM1	2	29.08.2019	28.06.2020	4111	
2197	283800	KR	MER	WGM1	KR_WGM	2	30.08.2019	28.06.2020	4207	
2885	366000	KR	SD	BFO1	KR_BFO	2	02.09.2019	12.06.2020	3105	
2888	372700	KR	YPR	EIM1	KR_EIM	2	02.09.2019	12.06.2020	3201	
3053	387400	KR	SOY	BZO1		2	02.09.2019	12.06.2020	3104	
3276	377000	KR	NEU	HTM1	KR_HTM	2	16.09.2019	12.06.2020	3103	
2893	364900	KR	SD	BFM1	KR_BFM	2	23.09.2019	12.06.2020	3105	
2897	373600	KR	YPR	EIO1	KR_EIO	2	23.09.2019	12.06.2020	3201	
3054	382200	KR	SOY	BZM1		2	23.09.2019	12.06.2020	3104	
2189	247400	KR	NEU	HTU1	KR_HTU	2	03.10.2019	21.06.2020	3103	
2173	212000	KR	SD	BFU1	KR_BFU	2	03.10.2019	28.06.2020	3106	
2178	222900	KR	SOY	BZU1	KR_BZU	2	03.10.2019	28.06.2020	3104	
2199	274300	KR	WUE	NFU1	KR_NFU	2	11.02.2020	28.06.2020	1305	
2200	10600	KR G1	BT	GE12	KRG1_GE12	2	26.08.2019	28.06.2020		
2202	13700	KR G1	BT	GE11	KRG1_GE11	2	26.08.2019	28.06.2020	1103	
2203	384200	KR G1	PR	GW11A	KRG1_GW11A_1	2	26.08.2019	28.06.2020		
2204	384600	KR G1	LN	GW12A~GW12B	KRG1_GW12AGW12B	2	26.08.2019	28.06.2020	4106	
2201	385200	KR G1	FIE	GW13A	KRG1_GW13A	2	26.08.2019	28.06.2020		
2205	18200	KSK	HC	WEO1		2	26.08.2019	28.06.2020	4110	
2206	283500	KSK	LN	WGM1		2	26.08.2019	28.06.2020	4207	
2208	285100	KSK	LN	WGU1		3	26.08.2019	28.06.2020	4207	
2211	299200	KSK	YPR	WEU1		1	26.08.2019	28.06.2020	4111	
2207	284300	KSK	LN	WGO1		6	26.08.2019	28.06.2020		
2209	294700	KSK	HC	WEM1		3	26.08.2019	28.06.2020		
2210	294800	KSK	HC	WEM2		2	26.08.2019	28.06.2020	4110	
2212	299700	KSK	HAE	WEU2		2	30.08.2019	28.06.2020	4111	
2213	700	KU G1	MIT	GE11		2	26.08.2019	28.06.2020		
2214	2200	KU G1	MIT	GE13	KUG1_GE13	2	26.08.2019	28.06.2020		
2215	10700	KU G1	MIT	GE12	KUG1_GE12	2	26.08.2019	28.06.2020		
2216	79400	KUD	OT	MAA1		3	26.08.2019	31.01.2020	6001	
2217	274800	KUP	LAG	WAM1		2	26.08.2019	28.06.2020	4206	
2220	296600	KUP	LAG	WAO2		3	26.08.2019	28.06.2020		
2219	296500	KUP	TH	WAO1		3	26.08.2019	28.06.2020		
2218	276300	KUP	MER	WAU1		6	26.08.2019	28.06.2020	4206	
3210	393900	KUP	HS	WAU2		3	26.08.2019	28.06.2020	4110	
2221	13500	LA G1	LAT	GE11~GT11~GW11B	LAG1_GE11GT11GW11B	3	26.08.2019	28.06.2020		
3211	396600	LA G1	LAT	GE11~GW11B		3	26.08.2019	28.06.2020	Remi	
2222	1600	LI G1	HP	GE12	LIG1_GE12	2	26.08.2019	28.06.2020		
2223	2300	LI G1	HP	GE13	LIG1_GE13	3	26.08.2019	28.06.2020		
2224	301100	LUG	LAG	WSM1		2	26.08.2019	10.02.2020	4205	
2225	322700	M	PL	NFM1		2	26.08.2019	10.02.2020	1305	
2226	183700	M	WK	11S1		2	26.08.2019	28.06.2020	1105	
2228	188300	M	HAE	12S1		4	26.08.2019	28.06.2020	1101	
2229	188400	M	TB	12S2		4	26.08.2019	28.06.2020		
2230	206000	M	STH	AV1		3	26.08.2019	28.06.2020		
2231	215100	M	BO	BSO		2	26.08.2019	28.06.2020		
2232	216000	M	BO	BSU		2	26.08.2019	28.06.2020	1306	
2233	216900	M	WM	BT1		4	26.08.2019	28.06.2020	6006	
2234	218700	M	WK	BW1		3	26.08.2019	28.06.2020		
2235	230200	M	GVH	HBFGO1		3	26.08.2019	28.06.2020		
2236	230300	M	LS	HBFGO2		3	26.08.2019	28.06.2020		
2239	234600	M	HAE	HBTO		3	26.08.2019	28.06.2020	4001	
2241	237500	M	VLK	HHO1		3	26.08.2019	28.06.2020		
2243	237700	M	GW	HHO3		3	26.08.2019	28.06.2020	4005	
2245	241500	M	SH	HHU2		3	26.08.2019	28.06.2020	4102	
2246	241600	M	GW	HHU3		3	26.08.2019	28.06.2020	4005	
2248	302300	M	HAE	12M		6	26.08.2019	28.06.2020	3003	
2249	323100	M	PL	NFO1		1	26.08.2019	28.06.2020	1305	
2251	345000	M	DIE	AV2	M_AV2	3	26.08.2019	28.06.2020	1205	
2242	237600	M	ART	HHO2		3	26.08.2019	28.06.2020		
2244	241400	M	MER	HHU1		5	26.08.2019	28.06.2020	4101	
2247	248000	M	DIE	IFK1		4	26.08.2019	28.06.2020		
2250	341400	M	DIE	AV2		2	26.08.2019	28.06.2020		
2240	235800	M	LS	HBTU		3	26.08.2019	28.06.2020	3004	
2227	183800	M	LS	11S2		2	26.08.2019	28.06.2020		
2238	232500	M	LS	HBFGU2		3	26.08.2019	28.06.2020		
2237	232400	M	LS	HBFGU1		3	26.08.2019	28.06.2020	1103	
2252	322400	M	PL	NFU1		2	11.02.2020	28.06.2020	1305	
2253	306500	M  FU	WK	HHU1		1	26.08.2019	28.06.2020	4101	
2254	307100	M  FU	GW	HHU2		1	26.08.2019	28.06.2020	4005	
3257	401200	M  FU	BU	MBM2		4	26.08.2019	28.06.2020	3208	
2255	307600	M  FU	GW	HHU3		2	29.08.2019	28.06.2020	4005	
2256	334000	M  FU	HAE	HBTO		2	29.08.2019	28.06.2020	4001	
2257	343300	M  FU	LS	HBFGU1		1	29.08.2019	28.06.2020	1103	
2259	343800	M  FU	LS	HBFGO1		1	29.08.2019	28.06.2020		
2258	343400	M  FU	LS	HBFGU2		1	30.08.2019	28.06.2020		
2260	344000	M  FU	LS	HBFGO2		1	30.08.2019	28.06.2020	1304	
2261	500	M  G1	LS	GE11		3	26.08.2019	28.06.2020		
2262	1300	M  G1	GW	GE12	MG1_GE12	3	26.08.2019	28.06.2020	3005	
2267	11900	M  G1	VLK	GW13A	MG1_GW13A	3	26.08.2019	28.06.2020		
2269	97100	M  G1	GW	GW12A~GW12B	MG1_GW12AGW12B	3	26.08.2019	28.06.2020	3005	
2266	9800	M  G1	LS	GT11		3	26.08.2019	28.06.2020		
2265	5500	M  G1	ART	GW11B		3	26.08.2019	28.06.2020		
2264	4400	M  G1	WK	GW11A		3	26.08.2019	28.06.2020		
2263	2100	M  G1	TB	GE13	MG1_GE13	3	26.08.2019	28.06.2020	4011	
2268	84600	M  G1	VLK	GW13B	MG1_GW13B	3	26.08.2019	28.06.2020		
2272	386100	M  L1	GW	GW13A~GW13B	ML1_GW13AGW13B	5	26.08.2019	28.06.2020	3005	
3057	351000	M  L1	ART	GT13	ML1_GT13_1	1	26.08.2019	28.06.2020	4008	
2270	4000	M  L1	ART	GT13	ML1_GT13	4	26.08.2019	28.06.2020		
2273	384800	M  L1	WK	GW12A~GW12B	ML1_GW12AGW12B	5	26.08.2019	28.06.2020		
2271	9000	M  L1	VLK	GT12	ML1_GT12	5	26.08.2019	28.06.2020		
2274	234300	MAS	FIN	HBTO		6	26.08.2019	28.06.2020	4001	
2277	312800	MBT	KR	GT11		2	26.08.2019	28.06.2020		
2278	353700	MBT	NX	12M	MBT_12M	4	26.08.2019	28.06.2020		
2275	8900	MBT	KR	GT13	MBT_GT13	2	26.08.2019	28.06.2020	4005	
3258	400700	MBT	KR	GT13	MBT_GT13_1	2	26.08.2019	28.06.2020	3203	
2279	216800	MIP	KLI	BT1		6	26.08.2019	15.09.2019	6006	
2279	216800	MIP	NX	BT1		6	16.09.2019	28.06.2020	6006	
2280	251800	MOE	KLI	MBA1		4	26.08.2019	10.02.2020	3208	
2282	256100	MOE	WD	MBU2		2	26.08.2019	28.06.2020	3305	
2284	355900	MOE	KLI	MBM1	MOE_MBM1	2	26.08.2019	28.06.2020	3305	
2281	256000	MOE	WD	MBU1		3	26.08.2019	28.06.2020	3305	
2285	356100	MOE	KLI	MBO1		5	26.08.2019	28.06.2020	3208	
2283	386400	MOE	KLI	MBM2	MOE_MBM2	2	26.08.2019	28.06.2020	3208	
2287	315700	MOE	KLI	MBM2		4	26.08.2019	28.06.2020	3208	
2286	253300	MOE	KLI	MBM1		4	30.08.2019	28.06.2020	3208	
2901	375600	MOS	RA	HTO1	MOS_HTO	2	29.08.2019	12.06.2020		
2902	376600	MOS	RA	HTM1	MOS_HTM	2	16.09.2019	12.06.2020	3103	
2288	247000	MOS	RA	HTU1	MOS_HTU	2	03.10.2019	21.06.2020	3103	
2289	234400	MSRM	WM	HBTO		6	26.08.2019	28.06.2020	4001	
2290	800	MU G1	KG	GE11		2	26.08.2019	28.06.2020	1203	
2291	12400	MU G1	KG	GE12	MUG1_GE12	2	26.08.2019	28.06.2020	1203	
2292	15100	MU G1	KG	GE13	MUG1_GE13	2	26.08.2019	28.06.2020	1203	
2293	297900	N	HL	WAO1		1	26.08.2019	28.06.2020	4204	
2294	299000	N	DE	WEU1		1	26.08.2019	28.06.2020	4111	
2295	299500	N	DE	WEU2		1	26.08.2019	28.06.2020	4110	
3212	394200	N	FIE	WAU2		1	26.08.2019	28.06.2020	4110	
2296	295900	N	DE	WAU1		2	29.08.2019	28.06.2020	4206	
2297	296100	N	HL	WAM1		2	29.08.2019	28.06.2020	4206	
2299	301000	N	HL	WSM1		2	29.08.2019	28.06.2020	4205	
2298	298400	N	DE	WAO2		2	30.08.2019	28.06.2020	4201	
2301	382800	N  G1	FIE	GE11~GT11~GW11A~GW11B	NG1_GE11GT11GW11AGW11B_1	4	26.08.2019	28.06.2020		
3259	109901	N  G1	ZB	GE12~GT12~GW12A~GW12B	NG1_GE12GT12GW12AGW12B	4	26.08.2019	28.06.2020		
3277	385600	N  G1	FIE	GE13~GT13~GW13A~GW13B	NG1_GE13GT13GW13AGW13B	4	26.08.2019	28.06.2020		
2304	382700	N  G2	ZB	GE11~GT11~GW11A~GW11B	NG2_GE11GT11GW11AGW11B	4	26.08.2019	28.06.2020		
2912	385500	N  G2	ZB	GE13~GT13~GW13A~GW13B	NG2_GE13GT13GW13AGW13B	4	26.08.2019	28.06.2020		
2306	243100	NB1	FIE	HBFGU2~HHU2	NB1_HBFGU2HHU2	3	26.08.2019	28.06.2020		
2305	238800	NB1	FIE	HBFGO2~HHO2	NB1_HBFGO2HHO2	3	26.08.2019	28.06.2020		
2307	300000	OLD	KE	WGU1		2	26.08.2019	28.06.2020		
2309	306900	OUN	PE	HHU2		1	29.08.2019	28.06.2020	4102	
2308	306300	OUN	PE	HHU1		1	29.08.2019	28.06.2020	4101	
2312	250000	PFA	OT	MAO1		3	26.08.2019	28.06.2020	6001	
3059	249100	PFA	OT	MAM		3	26.08.2019	28.06.2020		
3213	250900	PFA	OT	MAU1		6	26.08.2019	28.06.2020	6001	
2315	199400	PFE	RU	ALM2		5	26.08.2019	28.06.2020	3308	
2317	201700	PFE	RU	ALO1		3	26.08.2019	28.06.2020	3301	
2318	201800	PFE	RU	ALO2		3	26.08.2019	28.06.2020	3301	
2319	201900	PFE	RU	ALO3		3	26.08.2019	28.06.2020	3301	
2321	204100	PFE	RU	ALU2		4	26.08.2019	28.06.2020		
2314	199300	PFE	RU	ALM1		5	26.08.2019	28.06.2020	3308	
2316	199500	PFE	RU	ALM3		5	26.08.2019	28.06.2020	3308	
2320	204000	PFE	RU	ALU1		4	26.08.2019	28.06.2020		
2324	196700	PFV	STE	AGSM1		3	26.08.2019	28.06.2020		
2325	197500	PFV	STE	AGSO1		2	26.08.2019	28.06.2020		
2326	198300	PFV	DIE	AGSU1		2	26.08.2019	15.09.2019	3304	
2326	198300	PFV	SB	AGSU1		2	18.09.2019	28.06.2020	3304	
2322	195200	PFV	ML	AGGU1		8	28.08.2019	21.06.2020		
2323	195300	PFV	ML	AGGU2		8	28.08.2019	21.06.2020		
2913	361500	PFV	ML	AGGM1		8	02.09.2019	28.06.2020		
2914	363200	PFV	ML	AGGM2		8	02.09.2019	28.06.2020		
2915	362600	PFV	ML	AGGO1		8	09.09.2019	14.06.2020		
2916	363900	PFV	ML	AGGO2		8	09.09.2019	14.06.2020		
2327	309600	PFVSB	SB	AGSO1	PFVSB_AGSO	1	26.08.2019	28.06.2020	3204	
2328	354300	PFVSTE	STE	AGSO1	PFVSTE_AGSO	1	26.08.2019	28.06.2020	3304	
2329	234700	PH	NX	HBTO		2	26.08.2019	28.06.2020	4001	
2330	235900	PH	EM	HBTU		4	26.08.2019	28.06.2020	3004	
2332	302400	PH	NX	12M		2	26.08.2019	28.06.2020	3003	
2331	242000	PH	ART	HHU3		2	26.08.2019	28.06.2020		
2333	2800	PH G1	LS	GT11		2	26.08.2019	28.06.2020	4004	
2336	97200	PH G1	BAU	GT13	PHG1_GT13	2	26.08.2019	28.06.2020		
2338	356800	PH G1	ART	GW13A~GW13B	PHG1_GW13AGW13B	2	26.08.2019	28.06.2020		
2334	11200	PH G1	ART	GT12	PHG1_GT12	3	26.08.2019	28.06.2020		
2335	398600	PH G1	VLK	GW11B	PHG1_GW11B_1	2	26.08.2019	28.06.2020	4004	
3236	398700	PH G1	VLK	GW11B		2	26.08.2019	28.06.2020	4004	
3260	385000	PH G1	LS	GW12A~GW12B	PHG1_GW12AGW12B	2	26.08.2019	28.06.2020		
3060	350900	PH G1	BAU	GT13	PHG1_GT13_1	2	29.08.2019	28.06.2020	4005	
2339	259000	PIT	OB	MKLU1		4	26.08.2019	28.06.2020	6005	
2340	18700	PK	HS	WEO1		1	26.08.2019	28.06.2020	4110	
2344	206600	PK	PL	AV1		1	26.08.2019	28.06.2020		
2345	208400	PK	HC	BCO1		1	26.08.2019	28.06.2020	3001	
2348	215600	PK	KD	BSO		1	26.08.2019	28.06.2020		
2349	216500	PK	KD	BSU		1	26.08.2019	28.06.2020	3004	
2351	219200	PK	GE	BW1		2	26.08.2019	28.06.2020		
2354	231800	PK	OST	HBFGO1		2	26.08.2019	28.06.2020		
2355	231900	PK	OST	HBFGO2		2	26.08.2019	28.06.2020	1306	
2356	234000	PK	OST	HBFGU1		1	26.08.2019	28.06.2020	3005	
2357	234100	PK	OST	HBFGU2		2	26.08.2019	28.06.2020		
2358	235300	PK	PE	HBTO		2	26.08.2019	28.06.2020	4001	
2359	236500	PK	PE	HBTU		2	26.08.2019	28.06.2020	3004	
2360	239900	PK	SD	HHO1		2	26.08.2019	28.06.2020	4109	
2361	240000	PK	LEU	HHO2		2	26.08.2019	28.06.2020	4201	
2363	244600	PK	GU	HHU1		2	26.08.2019	28.06.2020	4101	
2364	244700	PK	SD	HHU2		2	26.08.2019	28.06.2020	4102	
2365	244800	PK	GU	HHU3		2	26.08.2019	28.06.2020	4103	
2368	253900	PK	HC	MBM1		1	26.08.2019	28.06.2020	3305	
2370	257000	PK	LEU	MBU1		1	26.08.2019	28.06.2020	3305	
2371	257100	PK	LEU	MBU2		1	26.08.2019	28.06.2020	3305	
2372	268400	PK	HW	MMO1		1	26.08.2019	28.06.2020	3206	
2373	270100	PK	LG	NBKM1		1	26.08.2019	28.06.2020	1304	
2375	271700	PK	LG	NFM1		2	26.08.2019	28.06.2020	1305	
2376	276000	PK	RO	WAM1		1	26.08.2019	28.06.2020	4206	
2377	287100	PK	RT	WIM1		1	26.08.2019	28.06.2020	4203	
2378	287200	PK	RT	WIM2		1	26.08.2019	28.06.2020	4202	
2379	290400	PK	HAE	WSM1		1	26.08.2019	28.06.2020	4205	
2380	291100	PK	HAE	WSO1		1	26.08.2019	28.06.2020	4205	
2381	291900	PK	HW	WSU1		1	26.08.2019	28.06.2020	4205	
2384	295700	PK	HS	WEM1		1	26.08.2019	28.06.2020		
2386	297700	PK	RO	WAO1		1	26.08.2019	28.06.2020	4204	
2391	328800	PK	OST	IFK1		7	26.08.2019	28.06.2020		
2383	294000	PK	STK	WBO2		1	26.08.2019	15.09.2019	4006	
2383	294000	PK	SG	WBO2		1	20.09.2019	28.06.2020	4006	
2385	295800	PK	HS	WEM2		1	26.08.2019	28.06.2020	4110	
2387	297800	PK	RO	WAO2		1	26.08.2019	15.09.2019	4201	
2387	297800	PK	HAR	WAO2		1	16.09.2019	28.06.2020	4201	
3214	251700	PK	LEU	MAU1		1	26.08.2019	28.06.2020	6001	
3215	289600	PK	PE	WIU1		2	26.08.2019	28.06.2020	4203	
3216	293900	PK	STR	WBO1		1	26.08.2019	28.06.2020	4109	
2343	205800	PK	DIE	AV2		1	26.08.2019	28.06.2020	1103	
2350	217500	PK	KLI	BT1		2	26.08.2019	28.06.2020	6006	
2362	240100	PK	STR	HHO3		2	26.08.2019	28.06.2020		
3261	327300	PK	HC	BMM1		1	26.08.2019	28.06.2020	3108	
3278	214700	PK	HC	BMM1~BMU		1	26.08.2019	28.06.2020	3108	
2392	198900	PK	ML	AGSU1		2	26.08.2019	28.06.2020	3304	
3297	270900	PK	HW	NBKO1~NFO1	PK_NBKO1NFO1	1	26.08.2019	28.06.2020	1304	
2388	315100	PK	HC	MBM2		1	26.08.2019	28.06.2020	3208	
2389	326600	PK	HC	BMO1		1	26.08.2019	28.06.2020	3108	
2341	196400	PK	ML	AGGU1		2	28.08.2019	21.06.2020	3303	
2342	196500	PK	ML	AGGU2		2	28.08.2019	21.06.2020	3306	
2353	227000	PK	STK	EIU1		2	28.08.2019	24.11.2019	3201	
2353	227000	PK	KS	EIU1		2	29.11.2019	28.06.2020	3201	
2395	207500	PK	HC	BCM1		2	29.08.2019	28.06.2020	3001	
2401	266900	PK	HW	MMM1		2	29.08.2019	28.06.2020	3206	
2402	274700	PK	YBE	NFU1		2	29.08.2019	28.06.2020	1305	
2403	276900	PK	STR	WAU1		2	29.08.2019	28.06.2020	4206	
2406	282900	PK	YBE	WEU1		2	29.08.2019	28.06.2020	4111	
2409	284800	PK	STR	WGO1		2	29.08.2019	28.06.2020	4207	
2411	288700	PK	LAG	WIO1		2	29.08.2019	28.06.2020	4202	
2400	265800	PK	SOE	MKU1		2	29.08.2019	28.06.2020	6005	
2393	205000	PK	DIE	ALU1		2	29.08.2019	28.06.2020	3303	
2405	280600	PK	DM	WBU1		2	29.08.2019	28.06.2020	4006	
2398	261300	PK	STR	MKM1		2	29.08.2019	28.06.2020	7002	
2396	209300	PK	HC	BCU1		2	30.08.2019	28.06.2020	3001	
2399	261400	PK	STR	MKM2		2	30.08.2019	28.06.2020	7002	
2407	283000	PK	YBE	WEU2		2	30.08.2019	28.06.2020	4111	
2408	284000	PK	STR	WGM1		2	30.08.2019	28.06.2020	4207	
2410	285600	PK	SOE	WGU1		2	30.08.2019	28.06.2020	4207	
2412	288800	PK	RT	WIO2		2	30.08.2019	28.06.2020	4202	
2414	316700	PK	HW	MMM2		2	30.08.2019	28.06.2020	3206	
2397	259600	PK	SOE	MKLU1		2	30.08.2019	28.06.2020	6005	
3217	394100	PK	YBE	WAU2		2	30.08.2019	28.06.2020	4110	
2394	205100	PK	DIE	ALU2		2	30.08.2019	28.06.2020	3303	
2918	366100	PK	SD	BFO1		2	02.09.2019	12.06.2020	3105	
3095	387200	PK	LAG	BZO1		2	02.09.2019	12.06.2020	3104	
2920	372900	PK	STK	EIM1		2	02.09.2019	15.09.2019	3201	
2920	372900	PK	KS	EIM1		2	20.09.2019	12.06.2020	3201	
2922	361900	PK	ML	AGGM1		2	02.09.2019	28.06.2020	3303	
2923	362900	PK	ML	AGGM2		2	02.09.2019	28.06.2020	3306	
2924	362200	PK	ML	AGGO1		2	09.09.2019	14.06.2020	3303	
2925	363600	PK	ML	AGGO2		2	09.09.2019	14.06.2020	3306	
2927	365000	PK	SD	BFM1		2	23.09.2019	12.06.2020	3105	
2929	373800	PK	KS	EIO1		2	23.09.2019	12.06.2020	3201	
3096	223300	PK	LAG	BZM1~BZU1		4	23.09.2019	28.06.2020	3104	
2346	212200	PK	SD	BFU1		2	03.10.2019	28.06.2020	3105	
2416	269300	PK	KR	MMU1		2	11.02.2020	28.06.2020	3206	
3063	249900	PK	LEU	MAM		2	11.02.2020	28.06.2020	6001	
2417	210100	PK	STR	BDU1		32	04.05.2020	19.06.2020		
2418	184500	PKG	OST	11S1		1	26.08.2019	28.06.2020	1105	
2419	184600	PKG	OST	11S2		1	26.08.2019	28.06.2020	1206	
2420	189300	PKG	DM	12S1		2	26.08.2019	28.06.2020	4002	
2421	189400	PKG	DM	12S2		2	26.08.2019	28.06.2020		
2422	303100	PKG	STA	12M		2	26.08.2019	28.06.2020	3003	
2423	155100	PRA	OT	MMA1		2	26.08.2019	10.02.2020	7008	
2424	155200	PRA	OT	MMA2		2	26.08.2019	10.02.2020		
2425	267200	PRA	OT	MMO1	PRA_MMO1	2	26.08.2019	28.06.2020	7008	
2427	355000	PRA	MUR	MMM1	PRA_MMM1	2	26.08.2019	28.06.2020	3203	
2428	355700	PRA	MUR	MMM2	PRA_MMM2	2	26.08.2019	28.06.2020	3203	
2426	354700	PRA	KS	12M	PRA_12M	2	26.08.2019	28.06.2020	3204	
2431	338500	PRT	LG	NBKO1		3	26.08.2019	28.06.2020	1304	
2429	320400	PRT	LG	NBKU1		2	26.08.2019	28.06.2020	1304	
2430	320800	PRT	LG	NBKM1		7	26.08.2019	28.06.2020	1304	
2432	12902	PS G1	STR	GE13~GT13~GW13A~GW13B	PSG1_GE13GT13GW13AGW13B	2	26.08.2019	28.06.2020		
2435	311400	PS G1	HP	GE12	PSG1_GE12	2	26.08.2019	28.06.2020	1304	
2434	109700	PS G1	ELL	GT12~GW12A~GW12B	PSG1_GT12GW12AGW12B	2	26.08.2019	28.06.2020	3101	
3298	402800	PS G1	HP	GE11~GT11~GW11A~GW11B	PSG1_GE11GT11GW11AGW11B	2	26.08.2019	28.06.2020	3004	
2438	196900	PUB	STE	AGSM1		5	26.08.2019	28.06.2020		
2440	354200	PUB	STE	AGSO1		2	26.08.2019	28.06.2020	3304	
2439	198500	PUB	STE	AGSU1		5	26.08.2019	28.06.2020		
2436	195400	PUB	SB	AGGU1		10	28.08.2019	21.06.2020	3303	
2437	195500	PUB	SB	AGGU2		10	28.08.2019	21.06.2020	3306	
2931	361400	PUB	SB	AGGM1		10	02.09.2019	28.06.2020	3303	
2932	363300	PUB	SB	AGGM2		10	02.09.2019	28.06.2020	3306	
2933	362500	PUB	SB	AGGO1		10	09.09.2019	14.06.2020	3303	
2934	364000	PUB	SB	AGGO2		10	09.09.2019	14.06.2020	3306	
2441	354100	PUBSB	SB	AGSO1	PUBSB_AGSO	1	26.08.2019	28.06.2020	3204	
2442	197700	PUBSTE	STE	AGSO1	PUBSTE_AGSO	1	26.08.2019	28.06.2020	3304	
2443	223800	PWA	BAU	EIA1		3	26.08.2019	10.02.2020	3205	
2444	226500	PWA	BAU	EIU1		7	28.08.2019	28.06.2020	3201	
2935	370400	PWA	BAU	EIM1		7	02.09.2019	12.06.2020	3201	
2936	373300	PWA	BAU	EIO1		7	23.09.2019	12.06.2020	3201	
2445	226400	PWS	KS	EIU1		7	28.08.2019	28.06.2020	3201	
2937	370300	PWS	KS	EIM1		7	02.09.2019	12.06.2020	3201	
2938	373200	PWS	KS	EIO1		5	23.09.2019	12.06.2020	3201	
2446	322900	PZH	NP	NFM1		2	26.08.2019	10.02.2020		
2448	290700	RE	KLU	WSO1		5	26.08.2019	28.06.2020	4205	
2447	289900	RE	KLU	WSM1		4	26.08.2019	28.06.2020	4205	
2449	291400	RE	KLU	WSU1		4	26.08.2019	28.06.2020	4205	
2450	257400	REP	BU	MKA1		2	26.08.2019	10.02.2020	7002	
2451	263300	REP	BU	MKO1		4	26.08.2019	10.02.2020	6005	
2452	260000	REP	BU	MKM2		4	26.08.2019	28.06.2020	7002	
2453	263400	REP	BU	MKO2		2	26.08.2019	28.06.2020	7008	
2454	265000	REP	ROE	MKU1		2	26.08.2019	28.06.2020	6005	
2455	259900	REP	BU	MKM1		6	29.08.2019	28.06.2020	7002	
2457	382900	S  G1	GU	GE11~GT11~GW11A~GW11B	SG1_GE11GT11GW11AGW11B_1	4	26.08.2019	28.06.2020		
2941	384100	S  G1	KM	GE12~GT12~GW12A~GW12B	SG1_GE12GT12GW12AGW12B	4	26.08.2019	28.06.2020		
3279	13202	S  G1	CO	GE13~GT13~GW13A~GW13B	SG1_GE13GT13GW13AGW13B	4	26.08.2019	28.06.2020		
3280	385900	S  G2	GU	GE13~GT13~GW13A~GW13B	SG2_GE13GT13GW13AGW13B	4	26.08.2019	28.06.2020		
2460	238400	SB1	KM	HBFGO1~HHO1	SB1_HBFGO1HHO1	3	26.08.2019	28.06.2020		
2461	242600	SB1	GU	HBFGU1~HHU1	SB1_HBFGU1HHU1	3	26.08.2019	28.06.2020		
3158	392600	SB1	GU	HBFGU2~HHU1	SB1_HBFGU2HHU1	3	26.08.2019	28.06.2020		
2462	258800	SEF	ROE	MKLU1		2	30.08.2019	28.06.2020	6005	
2464	263200	SER	OB	MKO2		5	26.08.2019	28.06.2020	6005	
2463	263100	SER	OB	MKO1		3	26.08.2019	28.06.2020	6005	
2465	264900	SER	ROE	MKU1		2	29.08.2019	28.06.2020	6005	
2469	232300	SEW	BO	HBFGU2		6	26.08.2019	28.06.2020		
2467	230100	SEW	ES	HBFGO2		5	26.08.2019	28.06.2020		
2468	232200	SEW	WUE	HBFGU1		5	26.08.2019	28.06.2020		
2466	230000	SEW	BO	HBFGO1		6	26.08.2019	28.06.2020		
2470	183300	SL	AF	11S1		2	26.08.2019	28.06.2020	1105	
2471	183400	SL	HP	11S2		2	26.08.2019	28.06.2020	1206	
2472	187900	SL	AF	12S1		2	26.08.2019	28.06.2020	1101	
2473	188000	SL	AF	12S2		2	26.08.2019	28.06.2020	3005	
2474	8600	SL G1	HP	GE11		2	26.08.2019	28.06.2020		
2477	239600	SP	SL	HHO1		2	26.08.2019	10.02.2020	9001	
2478	283900	SP	GE	WGM1		2	26.08.2019	10.02.2020	9003	
2476	233900	SP	SOY	HBFGU2		2	26.08.2019	10.02.2020	9002	
2485	219100	SP	GE	BW1		2	26.08.2019	28.06.2020		
2488	235200	SP	FA	HBTO		2	26.08.2019	28.06.2020	9003	
2489	236400	SP	SL	HBTU		2	26.08.2019	28.06.2020	9003	
2490	303000	SP	STA	12M		2	26.08.2019	28.06.2020		
2519	327200	SP	HR	BMM1		2	26.08.2019	28.06.2020	9003	
2475	233800	SP	HES	HBFGU1		2	26.08.2019	22.09.2019	9001	
2475	233800	SP	SL	HBFGU1		2	24.09.2019	28.06.2020	9002	
3281	214600	SP	HR	BMU		2	26.08.2019	28.06.2020	9003	
2482	196200	SP	HES	AGGU1		2	28.08.2019	21.06.2020	9001	
2483	196300	SP	SL	AGGU2		2	28.08.2019	21.06.2020	9001	
2487	226900	SP	SL	EIU1		2	28.08.2019	28.06.2020	9001	
2491	189100	SP	GV	12S1		2	29.08.2019	28.06.2020	9003	
2493	200800	SP	HES	ALM1		2	29.08.2019	28.06.2020	9003	
2495	201000	SP	HES	ALM3		2	29.08.2019	28.06.2020	9001	
2500	217400	SP	HAR	BT1		2	29.08.2019	28.06.2020	9002	
2501	231600	SP	GV	HBFGO1		2	29.08.2019	28.06.2020	9002	
2502	231700	SP	GV	HBFGO2		2	29.08.2019	28.06.2020	9002	
2503	239700	SP	SL	HHO2		2	29.08.2019	28.06.2020	9003	
2511	275800	SP	HAR	WAM1		2	29.08.2019	28.06.2020	9002	
2513	286900	SP	SL	WIM1		2	29.08.2019	28.06.2020	9003	
2514	287000	SP	SL	WIM2		2	29.08.2019	28.06.2020	9001	
2518	326800	SP	HR	BMO1		2	29.08.2019	28.06.2020	9001	
2516	295500	SP	HAR	WEM1		2	29.08.2019	28.06.2020	9003	
2515	291800	SP	STA	WSU1		2	29.08.2019	22.09.2019	9001	
2515	291800	SP	SOY	WSU1		2	27.09.2019	28.06.2020	9001	
3219	251600	SP	RO	MAU1		2	29.08.2019	28.06.2020	9003	
2510	265700	SP	HES	MKU1		2	29.08.2019	28.06.2020	9002	
2492	189200	SP	GV	12S2		2	30.08.2019	28.06.2020	9002	
2494	200900	SP	HES	ALM2		2	30.08.2019	28.06.2020	9003	
2496	209200	SP	GE	BCU1		2	30.08.2019	28.06.2020	9002	
2498	215500	SP	FA	BSO		2	30.08.2019	28.06.2020	9003	
2499	216400	SP	GE	BSU		2	30.08.2019	28.06.2020	9002	
2504	239800	SP	SL	HHO3		2	30.08.2019	28.06.2020	9003	
2506	244300	SP	SL	HHU2		2	30.08.2019	28.06.2020	9003	
2508	255200	SP	HES	MBO1		2	30.08.2019	28.06.2020	9002	
2509	259500	SP	HES	MKLU1		2	30.08.2019	28.06.2020	9002	
2512	278200	SP	GE	WBM1		2	30.08.2019	28.06.2020	9001	
2505	244200	SP	STA	HHU1		2	30.08.2019	15.09.2019	9001	
2505	244200	SP	SOY	HHU1		2	20.09.2019	28.06.2020	9001	
2942	366200	SP	SM	BFO1		2	02.09.2019	12.06.2020	9001	
2944	372800	SP	SL	EIM1		2	02.09.2019	12.06.2020	9001	
3097	387100	SP	WE	BZO1		2	02.09.2019	12.06.2020		
2946	361800	SP	HES	AGGM1		2	02.09.2019	28.06.2020	9001	
2947	362800	SP	HES	AGGM2		2	02.09.2019	22.09.2019	9001	
2947	362800	SP	SL	AGGM2		2	24.09.2019	28.06.2020	9001	
2948	362100	SP	HES	AGGO1		2	09.09.2019	14.06.2020	9001	
2949	363500	SP	HES	AGGO2		2	09.09.2019	29.09.2019	9001	
2949	363500	SP	SL	AGGO2		2	01.10.2019	14.06.2020	9001	
2950	365100	SP	SM	BFM1		2	23.09.2019	12.06.2020	9001	
2952	373700	SP	SL	EIO1		2	23.09.2019	12.06.2020	9001	
3098	223100	SP	WE	BZM1~BZU1		4	23.09.2019	28.06.2020	3104	
2484	212100	SP	SM	BFU1		2	03.10.2019	28.06.2020	9001	
2520	197200	SP	SM	AGSM1		2	11.02.2020	28.06.2020	9003	
2521	244400	SP	SOY	HHU3		2	11.02.2020	28.06.2020	9002	
2522	269200	SP	DE	MMU1		2	11.02.2020	28.06.2020	9002	
2523	270000	SP	HES	NBKM1		2	11.02.2020	28.06.2020	9001	
2524	271600	SP	HES	NFM1		2	11.02.2020	28.06.2020	9002	
2525	317500	SP	STA	BDU1		32	04.05.2020	19.06.2020		
2526	400	SP G1	SL	GE11		2	26.08.2019	28.06.2020	9001	
2527	1100	SP G1	STA	GE12		2	26.08.2019	28.06.2020		
2528	1900	SP G1	HES	GE13		2	26.08.2019	28.06.2020	9002	
2529	2500	SP G1	FA	GT11		2	26.08.2019	28.06.2020	9003	
2530	3300	SP G1	HR	GT12		2	26.08.2019	28.06.2020		
2531	3800	SP G1	SL	GT13	SPG1_GT13	2	26.08.2019	28.06.2020	1106	
2532	4300	SP G1	STA	GW11A		2	26.08.2019	28.06.2020	1107	
2533	5400	SP G1	HES	GW11B		2	26.08.2019	28.06.2020	9002	
2534	6000	SP G1	STA	GW12A		2	26.08.2019	28.06.2020	1107	
2535	6500	SP G1	STA	GW12B		2	26.08.2019	28.06.2020	9001	
2536	7000	SP G1	STA	GW13A		2	26.08.2019	28.06.2020		
2537	7200	SP G1	STA	GW13B	SPG1_GW13B	2	26.08.2019	28.06.2020	9003	
2540	290600	STL	HW	WSO1		5	26.08.2019	28.06.2020		
2538	289800	STL	LAG	WSM1		6	26.08.2019	28.06.2020	4205	
2539	291300	STL	HW	WSU1		5	26.08.2019	28.06.2020	4205	
2541	277400	SUK	RT	WBM1		2	26.08.2019	28.06.2020		
2543	286200	SUK	KLU	WIM2		2	26.08.2019	28.06.2020	4202	
2544	287800	SUK	SH	WIO2		4	26.08.2019	28.06.2020	4202	
2547	293000	SUK	RT	WBO2		4	26.08.2019	28.06.2020		
2549	345900	SUK	RT	WIO1		3	26.08.2019	28.06.2020	4202	
2542	286100	SUK	SH	WIM1		4	26.08.2019	28.06.2020	4203	
2548	298600	SUK	KL	WBU1		2	26.08.2019	28.06.2020	4006	
3220	289100	SUK	RT	WIU1		5	26.08.2019	28.06.2020	4203	
3221	292900	SUK	KLU	WBO1		5	26.08.2019	28.06.2020	4109	
2550	318200	SYT	MUR	MMA1		2	26.08.2019	10.02.2020	3203	
2551	319800	SYT	MUR	MMA2		2	26.08.2019	10.02.2020	3206	
2555	355100	SYT	OT	MMM1	SYT_MMM1	2	26.08.2019	28.06.2020	7008	
2552	266200	SYT	KR	MMM1		4	26.08.2019	28.06.2020	3206	
2554	318000	SYT	KR	MMM2		4	26.08.2019	28.06.2020		
2553	268700	SYT	MUR	MMU1		3	26.08.2019	28.06.2020	3206	
2556	355800	SYT	OT	MMM2	SYT_MMM2	4	26.08.2019	28.06.2020	7008	
2557	199600	TIE	PL	ALM1		2	26.08.2019	28.06.2020	3308	
2558	199700	TIE	PL	ALM2		2	26.08.2019	28.06.2020	3308	
2559	199800	TIE	PL	ALM3		3	26.08.2019	28.06.2020	3308	
2560	202000	TIE	SCH	ALO1		3	26.08.2019	28.06.2020	3301	
2561	202100	TIE	SCH	ALO2		3	26.08.2019	28.06.2020	3301	
2562	202200	TIE	SCH	ALO3		3	26.08.2019	28.06.2020	3301	
2564	204300	TIE	PL	ALU2		4	26.08.2019	28.06.2020		
2563	204200	TIE	PL	ALU1		4	26.08.2019	28.06.2020		
3222	122400	TS	STA	BTeam		1	26.08.2019	28.06.2020	1020	
3223	122401	TS	LN			1	26.08.2019	28.06.2020		
3224	122402	TS	TH			1	26.08.2019	28.06.2020		
3225	122403	TS	STH			1	26.08.2019	28.06.2020		
3226	122404	TS	WK			1	26.08.2019	28.06.2020		
2570	12000	TZ G1	WE	GT11		2	26.08.2019	28.06.2020		
2572	12700	TZ G1	MUR	GT13	TZG1_GT13	2	26.08.2019	28.06.2020		
2571	12500	TZ G1	MUR	GT12	TZG1_GT12	2	26.08.2019	28.06.2020	4205	
2574	357000	UE G1	FR	GW13A~GW13B	UEG1_GW13AGW13B	2	26.08.2019	28.06.2020	4108	
2573	385100	UE G1	SK	GW12A~GW12B	UEG1_GW12AGW12B	2	26.08.2019	28.06.2020	4106	
3142	88200	UT G1	WD	GT12	UTG1_GT12	2	26.08.2019	28.06.2020		
2575	269700	VEF	NP	NBKM1		4	26.08.2019	10.02.2020	1201	
2576	270500	VEF	NP	NBKO1		2	26.08.2019	28.06.2020		
2577	320600	VEF	NP	NBKU1		2	26.08.2019	28.06.2020	1304	
2578	199900	VEM	SCH	ALM1		1	26.08.2019	28.06.2020	3308	
2579	200000	VEM	SCH	ALM2		1	26.08.2019	28.06.2020	3308	
2580	200100	VEM	SCH	ALM3		1	26.08.2019	28.06.2020	3308	
2581	202300	VEM	RU	ALO1		1	26.08.2019	28.06.2020	3301	
2582	202400	VEM	RU	ALO2		1	26.08.2019	28.06.2020	3301	
2583	202500	VEM	RU	ALO3		1	26.08.2019	28.06.2020	3301	
2584	218600	VW	GE	BW1		4	26.08.2019	28.06.2020		
2585	236900	VW	WZ	HHO1		2	26.08.2019	28.06.2020	4204	
2586	237000	VW	MER	HHO2		2	26.08.2019	28.06.2020	4201	
2587	237100	VW	LAG	HHO3		2	26.08.2019	28.06.2020	4107	
2590	240800	VW	YST	HHU3		3	26.08.2019	28.06.2020		
2591	353600	VW	WZ	12M	VW_12M	2	26.08.2019	28.06.2020		
2589	240700	VW	LAG	HHU2		5	26.08.2019	28.06.2020		
2588	240600	VW	YPR	HHU1		3	26.08.2019	28.06.2020		
2593	6100	VW G1	RT	GW11B		2	26.08.2019	28.06.2020		
2595	6600	VW G1	RT	GW12B		2	26.08.2019	28.06.2020	4106	
2596	7300	VW G1	HAR	GW13A		2	26.08.2019	28.06.2020	4108	
2592	5100	VW G1	KL	GW11A		2	26.08.2019	28.06.2020	1203	
2594	6400	VW G1	RO	GW12A		2	26.08.2019	28.06.2020	4103	
2597	7500	VW G1	STK	GW13B		2	26.08.2019	15.09.2019	4111	
2597	7500	VW G1	RT	GW13B		2	17.09.2019	28.06.2020	4104	
2598	79100	WBL	HC	MAA1		1	26.08.2019	31.01.2020	6001	
2599	155500	WBL	MUR	MMA1		1	26.08.2019	10.02.2020		
2600	155600	WBL	MUR	MMA2		1	26.08.2019	10.02.2020	3206	
2601	223500	WBL	KS	EIA1		1	26.08.2019	10.02.2020	3205	
2602	257800	WBL	HER	MKA1		1	26.08.2019	10.02.2020	7002	
2603	321100	WBL	LG	NBKM1		1	26.08.2019	10.02.2020	1304	
2604	322600	WBL	LG	NFM1		1	26.08.2019	10.02.2020	1305	
2609	205500	WBL	DIE	AV2		1	26.08.2019	28.06.2020	1104	
2610	206200	WBL	PL	AV1		1	26.08.2019	28.06.2020	1104	
2611	206700	WBL	HC	BCM1		1	26.08.2019	28.06.2020	3001	
2612	207600	WBL	HC	BCO1		1	26.08.2019	28.06.2020	3001	
2613	208500	WBL	HC	BCU1		1	26.08.2019	28.06.2020	3001	
2616	217100	WBL	KLI	BT1		2	26.08.2019	28.06.2020	6006	
2621	250400	WBL	WD	MAO1		1	26.08.2019	28.06.2020	6001	
2623	260500	WBL	HER	MKM1		1	26.08.2019	28.06.2020	7002	
2624	263900	WBL	HER	MKO1		1	26.08.2019	28.06.2020	6005	
2625	264000	WBL	HER	MKO2		1	26.08.2019	28.06.2020	6005	
2626	265400	WBL	HER	MKU1		1	26.08.2019	28.06.2020	6005	
2627	268900	WBL	MUR	MMU1		1	26.08.2019	28.06.2020	3206	
2628	320700	WBL	LG	NBKU1		1	26.08.2019	28.06.2020	1304	
2631	328700	WBL	OST	IFK1		1	26.08.2019	28.06.2020	1104	
2632	341600	WBL	DK	BDU1		1	26.08.2019	28.06.2020	3101	
3067	249500	WBL	LEU	MAM		1	26.08.2019	28.06.2020	6001	
3227	251300	WBL	LEU	MAU1		1	26.08.2019	28.06.2020	6001	
2607	197400	WBL	DIE	AGSO1		1	26.08.2019	28.06.2020	3304	
2608	198200	WBL	ML	AGSU1		1	26.08.2019	28.06.2020	3304	
3262	327100	WBL	HC	BMM1		1	26.08.2019	28.06.2020	3108	
3282	213900	WBL	HC	BMM1~BMU		1	26.08.2019	28.06.2020	3108	
3299	321200	WBL	HW	NBKO1~NFO1	WBL_NBKO1NFO1	1	26.08.2019	28.06.2020	1304	
3308	403600	WBL	HW	NBKO1~NFO1	WBL_NBKO1NFO1_1	1	26.08.2019	28.06.2020	1304	
2640	326700	WBL	HC	BMO1		2	26.08.2019	28.06.2020	3108	
2605	195000	WBL	LN	AGGU1		2	28.08.2019	21.06.2020	3303	
2606	195100	WBL	LN	AGGU2		2	28.08.2019	21.06.2020	3306	
2618	226200	WBL	KS	EIU1		2	28.08.2019	28.06.2020	3201	
2953	375800	WBL	DK	HTO1		2	29.08.2019	12.06.2020	3103	
2634	259200	WBL	HER	MKLU1		2	29.08.2019	28.06.2020	6005	
2636	266500	WBL	HW	MMM1		2	29.08.2019	28.06.2020	3206	
2637	267600	WBL	HW	MMO1		2	29.08.2019	28.06.2020		
2635	260600	WBL	HER	MKM2		2	30.08.2019	28.06.2020	7002	
2638	316800	WBL	HW	MMM2		2	30.08.2019	28.06.2020	3206	
2639	321300	WBL	SG	NFU1		2	30.08.2019	28.06.2020	1305	
2633	196600	WBL	ML	AGSM1		2	30.08.2019	28.06.2020	4011	
2954	365900	WBL	DK	BFO1		2	02.09.2019	12.06.2020	3105	
3099	386600	WBL	HAE	BZO1		2	02.09.2019	12.06.2020		
2956	370100	WBL	STK	EIM1		2	02.09.2019	15.09.2019	3201	
2956	370100	WBL	KS	EIM1		2	16.09.2019	12.06.2020	3201	
2958	361300	WBL	LN	AGGM1		2	02.09.2019	28.06.2020	3303	
2959	363100	WBL	LN	AGGM2		2	02.09.2019	28.06.2020	3306	
2960	362400	WBL	LN	AGGO1		2	09.09.2019	14.06.2020	3303	
2961	363800	WBL	LN	AGGO2		2	09.09.2019	14.06.2020	3306	
2962	376800	WBL	DK	HTM1		2	16.09.2019	12.06.2020	3103	
2963	364800	WBL	DK	BFM1		2	23.09.2019	12.06.2020	3105	
3069	368500	WBL	HAE	BZM1		2	23.09.2019	12.06.2020	3108	
2965	373000	WBL	KS	EIO1		2	23.09.2019	12.06.2020	3201	
2619	247200	WBL	DK	HTU1		2	03.10.2019	21.06.2020	3103	
2614	211600	WBL	DK	BFU1		2	03.10.2019	28.06.2020	3105	
3100	222100	WBL	HAE	BZU1		2	03.10.2019	28.06.2020	3108	
2642	282000	WBP	HAR	WEU2		3	26.08.2019	28.06.2020		
2643	294300	WBP	HS	WEM1		3	26.08.2019	28.06.2020		
2641	281900	WBP	HAR	WEU1		3	26.08.2019	28.06.2020	4111	
2644	294400	WBP	HS	WEM2		4	26.08.2019	28.06.2020	4110	
2645	355200	WET	WD	12M	WET_12M	2	26.08.2019	28.06.2020	3003	
2646	5300	WG G1	STA	GW11A~GW11B	WGG1_GW11AGW11B	2	26.08.2019	28.06.2020		
2647	10901	WG G1	STA	GW13A~GW13B	WGG1_GW13AGW13B	2	26.08.2019	28.06.2020		
3263	111401	WG G1	STA	GW12A~GW12B	WGG1_GW12AGW12B	2	26.08.2019	28.06.2020	4007	
2649	4700	WI G1	BM	GW11A		3	26.08.2019	28.06.2020	4007	
2650	5800	WI G1	DM	GW11B		3	26.08.2019	28.06.2020		
2652	7400	WI G1	DM	GW13B		2	26.08.2019	28.06.2020	4002	
2653	35200	WI G1	BM	GW12A		2	26.08.2019	28.06.2020		
2654	125200	WI G1	BM	GW13A		4	26.08.2019	28.06.2020		
2651	6900	WI G1	BM	GW12B		4	26.08.2019	28.06.2020		
2656	8300	WL G1	LEU	GT12	WLG1_GT12	2	26.08.2019	28.06.2020	4008	
2655	3000	WL G1	LEU	GT11		2	26.08.2019	28.06.2020		
2657	12800	WL G1	LEU	GT13		2	26.08.2019	28.06.2020	4105	
2658	255600	WPB	KLI	MBU1		2	26.08.2019	28.06.2020		
2659	255700	WPB	KLI	MBU2		2	26.08.2019	28.06.2020	3305	
2660	308300	WR	WZ	HHO2		2	26.08.2019	10.02.2020	4201	
2661	308700	WR	WZ	HHO3		2	26.08.2019	10.02.2020	4107	
2662	307900	WR	WZ	HHO1		2	26.08.2019	28.06.2020	4204	
2663	18500	WSP	PE	WEO1		3	26.08.2019	28.06.2020	4110	
2664	276200	WSP	HAR	WAU1		2	26.08.2019	28.06.2020	4206	
2666	282200	WSP	HAE	WEU2		2	26.08.2019	28.06.2020	4110	
2668	284100	WSP	MER	WGO1		2	26.08.2019	28.06.2020	4207	
2669	287300	WSP	LAG	WIO1		3	26.08.2019	28.06.2020	4202	
2672	336500	WSP	MER	WAO1		3	26.08.2019	28.06.2020		
2667	283300	WSP	MER	WGM1		1	26.08.2019	28.06.2020	4207	
2670	287400	WSP	RT	WIO2		2	26.08.2019	28.06.2020	4202	
2665	282100	WSP	HS	WEU1		3	26.08.2019	28.06.2020	4111	
3228	288900	WSP	STK	WIU1		2	26.08.2019	15.09.2019	4203	
3228	288900	WSP	PE	WIU1		2	17.09.2019	28.06.2020	4203	
3229	393800	WSP	HC	WAU2		2	26.08.2019	28.06.2020	4110	
2673	285700	WSP	RT	WIM1		2	26.08.2019	28.06.2020	4203	
2674	285800	WSP	RT	WIM2		2	29.08.2019	28.06.2020	4202	
2675	294500	WSP	YBE	WEM1		2	29.08.2019	28.06.2020	4111	
2677	296400	WSP	HAR	WAO2		4	29.08.2019	28.06.2020		
2678	338200	WSP	MER	WGU1		4	30.08.2019	28.06.2020	4207	
2676	294600	WSP	YBE	WEM2		2	30.08.2019	28.06.2020	4110	
2679	252200	WW	HC	MBA1		1	26.08.2019	10.02.2020	3208	
2680	230600	WW	SC	HBFGO1		1	26.08.2019	28.06.2020		
2681	230700	WW	SC	HBFGO2		1	26.08.2019	28.06.2020		
2682	232800	WW	KL	HBFGU1		2	26.08.2019	28.06.2020	1103	
2683	232900	WW	KL	HBFGU2		2	26.08.2019	28.06.2020	1306	
2684	234800	WW	PE	HBTO		2	26.08.2019	28.06.2020	4001	
2685	236000	WW	PE	HBTU		2	26.08.2019	28.06.2020	3004	
2687	313300	WW	LEU	MBU1		1	26.08.2019	28.06.2020	3305	
2688	313700	WW	LEU	MBU2		1	26.08.2019	28.06.2020	3305	
2689	313800	WW	HC	MBM1		1	26.08.2019	28.06.2020	3305	
2690	314900	WW	LEU	MBO1		2	26.08.2019	28.06.2020	3208	
2691	323900	WW	KB	12S1		2	26.08.2019	28.06.2020	1101	
2692	324500	WW	DM	12S2		2	26.08.2019	28.06.2020		
2686	353300	WW	GB	12M	WW_12M	2	26.08.2019	28.06.2020	3003	
2694	315200	WW	HC	MBM2		2	26.08.2019	28.06.2020	3208	
2695	309400	PFV2	ML	AGSU1		2	26.08.2019	28.06.2020	4010	
2697	310400	TIE2	SCH	ALM1		1	26.08.2019	28.06.2020	3308	
2698	325000	TIE2	SCH	ALM2		1	26.08.2019	28.06.2020	3308	
2966	365300	BTKF2	STP	BFO1	BTKF2_BFO	4	02.09.2019	12.06.2020	3105	
2968	364200	BTKF2	STP	BFM1	BTKF2_BFM	4	23.09.2019	12.06.2020	3105	
2699	304600	BTKF2	STP	BFU1	BTKF2_BFU	4	03.10.2019	28.06.2020	3105	
2700	327800	BBKM	HR	BMM1		2	26.08.2019	28.06.2020	3108	
2705	354500	GPF2	DIE	AV2	GPF2_AV2	1	26.08.2019	28.06.2020	1104	
2701	390000	GPF2	BI	BSO	GPF2_BSO	4	26.08.2019	28.06.2020	1204	
3144	214900	GPF2	BI	BSO	GPF2_BSO_2	4	26.08.2019	28.06.2020	1204	
2703	215800	GPF2	BI	BSU	GPF2_BSU	8	26.08.2019	28.06.2020	1204	
2704	215801	GPF2	NP	BSU	GPF2_BSU_1	8	26.08.2019	28.06.2020	1201	
3264	401500	GPF2	BI	BSU	GPF2_BSU_2	4	26.08.2019	28.06.2020	1204	
3265	401600	GPF2	NP	BSU	GPF2_BSU_3	4	26.08.2019	28.06.2020	1201	
3145	389100	GPF3	NP	BSO	GPF3_BSO	4	26.08.2019	28.06.2020	1201	
3146	390100	GPF3	NP	BSO		4	26.08.2019	28.06.2020	1201	
3266	401700	GPF3	NP	BSU	GPF3_BSU	4	26.08.2019	28.06.2020	1201	
3267	401800	GPF3	BI	BSU		4	26.08.2019	28.06.2020	1204	
2706	305900	INW2	HER	BW1		3	26.08.2019	28.06.2020		
2707	338700	VEF2	LG	NBKM1		2	11.02.2020	28.06.2020	1304	
2708	306700	PP	ELL	HHU1~HHU2~HHU3	PP_HHU1HHU2HHU3	2	26.08.2019	28.06.2020	4101	
2709	308200	PP	ELL	HHO1~HHO2~HHO3	PP_HHO1HHO2HHO3	2	26.08.2019	28.06.2020	4107	
3237	399100	PP	ELL	HBFGO1~HBFGO2~HBTO~HHO1~HHO2~HHO3	PP_HBFGO1HBFGO2HBTOHHO1HHO2HHO3	2	26.08.2019	28.06.2020	4107	
3238	399200	PP	ELL	HBFGU1~HBFGU2~HBTU~HHU1~HHU2~HHU3	PP_HBFGU1HBFGU2HBTUHHU1HHU2HHU3	2	26.08.2019	28.06.2020	4101	
3300	402100	PP	ELL	MBO1	PP_MBO1	1	26.08.2019	28.06.2020	3208	
2970	365600	BBKB2	SR	BFO1	BBKB2_BFO	7	02.09.2019	12.06.2020	3106	
2972	364500	BBKB2	SR	BFM1	BBKB2_BFM	6	23.09.2019	12.06.2020	3106	
2710	314700	BBKB2	SR	BFU1	BBKB2_BFU	6	03.10.2019	28.06.2020	3106	
2711	300200	EC	LN	WGU1		1	26.08.2019	28.06.2020	4207	
2712	325200	EC	LN	WGO1		1	26.08.2019	28.06.2020	4207	
2713	324000	INF	DM	12S1		2	26.08.2019	28.06.2020	4002	
2714	324400	INF	DM	12S2		2	26.08.2019	28.06.2020	3005	
2715	303500	ING	NX	HBTU		7	26.08.2019	28.06.2020	3004	
3230	395200	ING	KR	GT13	ING_GT13	2	26.08.2019	28.06.2020	4005	
2716	385300	KR G2	SOY	GW13B	KRG2_GW13B	2	26.08.2019	28.06.2020	4108	
2717	384300	KR G2	WUE	GW11B	KRG2_GW11B	2	26.08.2019	28.06.2020		
2718	384500	KR G2	PR	GT12	KRG2_GT12	2	26.08.2019	28.06.2020	3306	
2719	385400	KR G3	NEU	GT13	KRG3_GT13	2	26.08.2019	28.06.2020	1307	
2974	384400	KR G3	NEU	GT11	KRG3_GT11	2	26.08.2019	28.06.2020		
2721	344500	PHI	ELL	12S1~12S2	PHI_12S112S2	2	26.08.2019	28.06.2020	1101	
2722	323800	PS	AF	12S1		2	26.08.2019	28.06.2020	1101	
2723	324200	PS	WUE	12S2		2	26.08.2019	28.06.2020		
2724	299800	WVK	SG	WEM1		1	26.08.2019	15.09.2019	4111	
2724	299800	WVK	HC	WEM1		1	17.09.2019	28.06.2020	4111	
2725	299900	WVK	HC	WEM2		1	26.08.2019	28.06.2020	4110	
3147	323400	FPG1	GL	HBFGO1	FPG_HBFGO1	2	26.08.2019	28.06.2020	1204	
3163	321700	FPG1	GV	HBFGU1	FPG1_HBFGU1	2	26.08.2019	28.06.2020		
3164	341200	FPG1	GV	HBFGU2	FPG1_HBFGU2	4	26.08.2019	28.06.2020		
3166	391000	FPG1	GL	HBFGO1	FPG1_HBFGO1	2	26.08.2019	28.06.2020	1204	
3165	390500	FPG1	SCR	HBFGO2	FPG1_HBFGO2	2	30.08.2019	28.06.2020	1204	
3167	389700	FPG2	GV	HBFGU1	FPG2_HBFGU1	2	26.08.2019	28.06.2020		
3168	389800	FPG2	GV	HBFGU2	FPG2_HBFGU2	2	26.08.2019	28.06.2020	1206	
3170	391300	FPG2	GL	HBFGO1	FPG2_HBFGO1_3	2	26.08.2019	28.06.2020	1106	
3148	391100	FPG2	GL	HBFGO1	FPG2_HBFGO1	2	26.08.2019	28.06.2020	1204	
3169	390600	FPG2	SCR	HBFGO2	FPG2_HBFGO2	2	29.08.2019	28.06.2020	1204	
3317	403700	FPG3	SCR	HBFGO2	FPG3_HBFGO2	2	29.08.2019	28.06.2020	1204	
3318	403800	FPG4	SCR	HBFGO2	FPG4_HBFGO2	2	30.08.2019	28.06.2020	1204	
3283	400500	BTKZ2	WE	BZO1	BTKZ2_BZO1	2	02.09.2019	12.06.2020	4010	
3284	400600	BTKZ2	WE	BZM1	BTKZ2_BZM1	2	23.09.2019	12.06.2020	4010	
3285	400400	BTKZ2	WE	BZU1	BTKZ2_BZU1	2	03.10.2019	28.06.2020	4010	
3286	325100	BW L2	HS	GW12A	BWL2_GW12A	1	26.08.2019	28.06.2020		
3287	302600	WW1	WZ	12M	WW1_12M	2	26.08.2019	28.06.2020	4003	
3301	16101	PI G1	HP	GE11~GT11~GW11A~GW11B	PIG1_GE11GT11GW11AGW11B	2	26.08.2019	28.06.2020	4104	
3302	399800	PI G1	ELL	GE12~GT12~GW12A~GW12B	PIG1_GT12GW12AGW12B	2	26.08.2019	28.06.2020	3101	
3311	403300	FPW1	SCR	BSU	FPW1_BSU	2	29.08.2019	28.06.2020	1205	
3312	403400	FPW2	SCR	BSU	FPW2_BSU	2	30.08.2019	28.06.2020	3304	
